agent,picks,wins,pick_rate_pct,win_rate_pct,event_id,event,year,total_maps,patch_before,patch_after
Astra,32,11,24.2,34.4,1014,Masters Copenhagen 2022,2022,66,,4.08
Breach,43,17,32.6,39.5,1014,Masters Copenhagen 2022,2022,66,,4.08
Brimstone,39,18,29.5,46.2,1014,Masters Copenhagen 2022,2022,66,,4.08
Chamber,101,50,76.5,49.5,1014,Masters Copenhagen 2022,2022,66,,4.08
Cypher,3,3,2.3,100.0,1014,Masters Copenhagen 2022,2022,66,,4.08
Fade,68,34,51.5,50.0,1014,Masters Copenhagen 2022,2022,66,,4.08
Jett,23,12,17.4,52.2,1014,Masters Copenhagen 2022,2022,66,,4.08
Kayo,58,28,43.9,48.3,1014,Masters Copenhagen 2022,2022,66,,4.08
Killjoy,15,7,11.4,46.7,1014,Masters Copenhagen 2022,2022,66,,4.08
Neon,19,7,14.4,36.8,1014,Masters Copenhagen 2022,2022,66,,4.08
Omen,38,24,28.8,63.2,1014,Masters Copenhagen 2022,2022,66,,4.08
Raze,71,38,53.8,53.5,1014,Masters Copenhagen 2022,2022,66,,4.08
Sage,30,17,22.7,56.7,1014,Masters Copenhagen 2022,2022,66,,4.08
Skye,30,14,22.7,46.7,1014,Masters Copenhagen 2022,2022,66,,4.08
Sova,25,15,18.9,60.0,1014,Masters Copenhagen 2022,2022,66,,4.08
Viper,61,34,46.2,55.7,1014,Masters Copenhagen 2022,2022,66,,4.08
Yoru,4,1,3.0,25.0,1014,Masters Copenhagen 2022,2022,66,,4.08
Astra,37,16,21.5,43.2,1015,Champions 2022,2022,86,5.12,
Breach,44,21,25.6,47.7,1015,Champions 2022,2022,86,5.12,
Brimstone,35,19,20.3,54.3,1015,Champions 2022,2022,86,5.12,
Chamber,115,58,66.9,50.4,1015,Champions 2022,2022,86,5.12,
Cypher,10,6,5.8,60.0,1015,Champions 2022,2022,86,5.12,
Fade,92,48,53.5,52.2,1015,Champions 2022,2022,86,5.12,
Jett,54,26,31.4,48.1,1015,Champions 2022,2022,86,5.12,
Kayo,77,40,44.8,51.9,1015,Champions 2022,2022,86,5.12,
Killjoy,28,13,16.3,46.4,1015,Champions 2022,2022,86,5.12,
Neon,27,13,15.7,48.1,1015,Champions 2022,2022,86,5.12,
Omen,60,30,34.9,50.0,1015,Champions 2022,2022,86,5.12,
Phoenix,10,5,5.8,50.0,1015,Champions 2022,2022,86,5.12,
Raze,59,32,34.3,54.2,1015,Champions 2022,2022,86,5.12,
Reyna,2,1,1.2,50.0,1015,Champions 2022,2022,86,5.12,
Sage,37,18,21.5,48.6,1015,Champions 2022,2022,86,5.12,
Skye,36,16,20.9,44.4,1015,Champions 2022,2022,86,5.12,
Sova,56,28,32.6,50.0,1015,Champions 2022,2022,86,5.12,
Viper,79,40,45.9,50.6,1015,Champions 2022,2022,86,5.12,
Yoru,2,0,1.2,0.0,1015,Champions 2022,2022,86,5.12,
Astra,50,23,31.6,46.0,1188,VCT LOCK//IN 2023,2023,79,,5.12
Breach,49,24,31.0,49.0,1188,VCT LOCK//IN 2023,2023,79,,5.12
Brimstone,15,9,9.5,60.0,1188,VCT LOCK//IN 2023,2023,79,,5.12
Chamber,4,2,2.5,50.0,1188,VCT LOCK//IN 2023,2023,79,,5.12
Cypher,25,11,15.8,44.0,1188,VCT LOCK//IN 2023,2023,79,,5.12
Fade,37,17,23.4,45.9,1188,VCT LOCK//IN 2023,2023,79,,5.12
Harbor,20,11,12.7,55.0,1188,VCT LOCK//IN 2023,2023,79,,5.12
Jett,96,48,60.8,50.0,1188,VCT LOCK//IN 2023,2023,79,,5.12
Kayo,64,26,40.5,40.6,1188,VCT LOCK//IN 2023,2023,79,,5.12
Killjoy,111,59,70.3,53.2,1188,VCT LOCK//IN 2023,2023,79,,5.12
Neon,11,7,7.0,63.6,1188,VCT LOCK//IN 2023,2023,79,,5.12
Omen,61,30,38.6,49.2,1188,VCT LOCK//IN 2023,2023,79,,5.12
Phoenix,3,2,1.9,66.7,1188,VCT LOCK//IN 2023,2023,79,,5.12
Raze,45,22,28.5,48.9,1188,VCT LOCK//IN 2023,2023,79,,5.12
Reyna,1,0,0.6,0.0,1188,VCT LOCK//IN 2023,2023,79,,5.12
Sage,29,16,18.4,55.2,1188,VCT LOCK//IN 2023,2023,79,,5.12
Skye,38,22,24.1,57.9,1188,VCT LOCK//IN 2023,2023,79,,5.12
Sova,63,32,39.9,50.8,1188,VCT LOCK//IN 2023,2023,79,,5.12
Viper,64,32,40.5,50.0,1188,VCT LOCK//IN 2023,2023,79,,5.12
Yoru,2,1,1.3,50.0,1188,VCT LOCK//IN 2023,2023,79,,5.12
Astra,59,28,21.2,47.5,1189,VCT Americas League 2023,2023,139,,
Breach,64,28,23.0,43.8,1189,VCT Americas League 2023,2023,139,,
Brimstone,40,19,14.4,47.5,1189,VCT Americas League 2023,2023,139,,
Chamber,4,3,1.4,75.0,1189,VCT Americas League 2023,2023,139,,
Cypher,8,2,2.9,25.0,1189,VCT Americas League 2023,2023,139,,
Fade,10,1,3.6,10.0,1189,VCT Americas League 2023,2023,139,,
Gekko,9,5,3.2,55.6,1189,VCT Americas League 2023,2023,139,,
Harbor,75,39,27.0,52.0,1189,VCT Americas League 2023,2023,139,,
Jett,198,97,71.2,49.0,1189,VCT Americas League 2023,2023,139,,
Kayo,55,26,19.8,47.3,1189,VCT Americas League 2023,2023,139,,
Killjoy,210,110,75.5,52.4,1189,VCT Americas League 2023,2023,139,,
Neon,17,12,6.1,70.6,1189,VCT Americas League 2023,2023,139,,
Omen,103,52,37.1,50.5,1189,VCT Americas League 2023,2023,139,,
Phoenix,2,1,0.7,50.0,1189,VCT Americas League 2023,2023,139,,
Raze,91,44,32.7,48.4,1189,VCT Americas League 2023,2023,139,,
Sage,20,10,7.2,50.0,1189,VCT Americas League 2023,2023,139,,
Skye,172,90,61.9,52.3,1189,VCT Americas League 2023,2023,139,,
Sova,93,45,33.5,48.4,1189,VCT Americas League 2023,2023,139,,
Viper,160,83,57.6,51.9,1189,VCT Americas League 2023,2023,139,,
Astra,47,27,18.2,57.4,1190,VCT EMEA League 2023,2023,129,,
Breach,68,28,26.4,41.2,1190,VCT EMEA League 2023,2023,129,,
Brimstone,24,9,9.3,37.5,1190,VCT EMEA League 2023,2023,129,,
Chamber,1,0,0.4,0.0,1190,VCT EMEA League 2023,2023,129,,
Cypher,65,38,25.2,58.5,1190,VCT EMEA League 2023,2023,129,,
Fade,56,33,21.7,58.9,1190,VCT EMEA League 2023,2023,129,,
Gekko,20,11,7.8,55.0,1190,VCT EMEA League 2023,2023,129,,
Harbor,18,5,7.0,27.8,1190,VCT EMEA League 2023,2023,129,,
Jett,149,78,57.8,52.3,1190,VCT EMEA League 2023,2023,129,,
Kayo,92,47,35.7,51.1,1190,VCT EMEA League 2023,2023,129,,
Killjoy,152,73,58.9,48.0,1190,VCT EMEA League 2023,2023,129,,
Neon,19,10,7.4,52.6,1190,VCT EMEA League 2023,2023,129,,
Omen,160,81,62.0,50.6,1190,VCT EMEA League 2023,2023,129,,
Phoenix,1,0,0.4,0.0,1190,VCT EMEA League 2023,2023,129,,
Raze,86,41,33.3,47.7,1190,VCT EMEA League 2023,2023,129,,
Reyna,1,1,0.4,100.0,1190,VCT EMEA League 2023,2023,129,,
Sage,36,19,14.0,52.8,1190,VCT EMEA League 2023,2023,129,,
Skye,84,37,32.6,44.0,1190,VCT EMEA League 2023,2023,129,,
Sova,80,39,31.0,48.8,1190,VCT EMEA League 2023,2023,129,,
Viper,122,62,47.3,50.8,1190,VCT EMEA League 2023,2023,129,,
Yoru,9,6,3.5,66.7,1190,VCT EMEA League 2023,2023,129,,
Astra,63,33,23.2,52.4,1191,VCT Pacific League 2023,2023,136,,
Breach,100,51,36.8,51.0,1191,VCT Pacific League 2023,2023,136,,
Brimstone,43,23,15.8,53.5,1191,VCT Pacific League 2023,2023,136,,
Chamber,1,0,0.4,0.0,1191,VCT Pacific League 2023,2023,136,,
Cypher,20,12,7.4,60.0,1191,VCT Pacific League 2023,2023,136,,
Fade,31,17,11.4,54.8,1191,VCT Pacific League 2023,2023,136,,
Gekko,10,4,3.7,40.0,1191,VCT Pacific League 2023,2023,136,,
Harbor,54,27,19.9,50.0,1191,VCT Pacific League 2023,2023,136,,
Jett,187,93,68.8,49.7,1191,VCT Pacific League 2023,2023,136,,
Kayo,83,41,30.5,49.4,1191,VCT Pacific League 2023,2023,136,,
Killjoy,186,93,68.4,50.0,1191,VCT Pacific League 2023,2023,136,,
Neon,11,7,4.0,63.6,1191,VCT Pacific League 2023,2023,136,,
Omen,117,58,43.0,49.6,1191,VCT Pacific League 2023,2023,136,,
Phoenix,6,5,2.2,83.3,1191,VCT Pacific League 2023,2023,136,,
Raze,113,59,41.5,52.2,1191,VCT Pacific League 2023,2023,136,,
Reyna,6,4,2.2,66.7,1191,VCT Pacific League 2023,2023,136,,
Sage,15,5,5.5,33.3,1191,VCT Pacific League 2023,2023,136,,
Skye,122,58,44.9,47.5,1191,VCT Pacific League 2023,2023,136,,
Sova,89,47,32.7,52.8,1191,VCT Pacific League 2023,2023,136,,
Viper,100,41,36.8,41.0,1191,VCT Pacific League 2023,2023,136,,
Yoru,3,2,1.1,66.7,1191,VCT Pacific League 2023,2023,136,,
Astra,21,12,16.9,57.1,1494,Masters Tokyo 2023,2023,62,,
Breach,42,21,33.9,50.0,1494,Masters Tokyo 2023,2023,62,,
Brimstone,32,18,25.8,56.2,1494,Masters Tokyo 2023,2023,62,,
Chamber,2,0,1.6,0.0,1494,Masters Tokyo 2023,2023,62,,
Cypher,22,11,17.7,50.0,1494,Masters Tokyo 2023,2023,62,,
Fade,14,9,11.3,64.3,1494,Masters Tokyo 2023,2023,62,,
Gekko,11,5,8.9,45.5,1494,Masters Tokyo 2023,2023,62,,
Harbor,21,13,16.9,61.9,1494,Masters Tokyo 2023,2023,62,,
Jett,73,35,58.9,47.9,1494,Masters Tokyo 2023,2023,62,,
Kayo,23,8,18.5,34.8,1494,Masters Tokyo 2023,2023,62,,
Killjoy,73,39,58.9,53.4,1494,Masters Tokyo 2023,2023,62,,
Neon,12,3,9.7,25.0,1494,Masters Tokyo 2023,2023,62,,
Omen,53,21,42.7,39.6,1494,Masters Tokyo 2023,2023,62,,
Phoenix,2,1,1.6,50.0,1494,Masters Tokyo 2023,2023,62,,
Raze,59,34,47.6,57.6,1494,Masters Tokyo 2023,2023,62,,
Reyna,1,0,0.8,0.0,1494,Masters Tokyo 2023,2023,62,,
Sage,5,1,4.0,20.0,1494,Masters Tokyo 2023,2023,62,,
Skye,73,34,58.9,46.6,1494,Masters Tokyo 2023,2023,62,,
Sova,26,16,21.0,61.5,1494,Masters Tokyo 2023,2023,62,,
Viper,55,29,44.4,52.7,1494,Masters Tokyo 2023,2023,62,,
Astra,50,27,29.8,54.0,1657,Champions 2023,2023,84,,
Breach,38,17,22.6,44.7,1657,Champions 2023,2023,84,,
Brimstone,39,20,23.2,51.3,1657,Champions 2023,2023,84,,
Chamber,16,6,9.5,37.5,1657,Champions 2023,2023,84,,
Cypher,14,9,8.3,64.3,1657,Champions 2023,2023,84,,
Fade,22,9,13.1,40.9,1657,Champions 2023,2023,84,,
Gekko,5,2,3.0,40.0,1657,Champions 2023,2023,84,,
Harbor,17,9,10.1,52.9,1657,Champions 2023,2023,84,,
Jett,88,43,52.4,48.9,1657,Champions 2023,2023,84,,
Kayo,32,18,19.0,56.2,1657,Champions 2023,2023,84,,
Killjoy,105,54,62.5,51.4,1657,Champions 2023,2023,84,,
Neon,5,1,3.0,20.0,1657,Champions 2023,2023,84,,
Omen,70,31,41.7,44.3,1657,Champions 2023,2023,84,,
Phoenix,5,5,3.0,100.0,1657,Champions 2023,2023,84,,
Raze,93,47,55.4,50.5,1657,Champions 2023,2023,84,,
Reyna,5,4,3.0,80.0,1657,Champions 2023,2023,84,,
Sage,1,0,0.6,0.0,1657,Champions 2023,2023,84,,
Skye,94,49,56.0,52.1,1657,Champions 2023,2023,84,,
Sova,43,23,25.6,53.5,1657,Champions 2023,2023,84,,
Viper,92,43,54.8,46.7,1657,Champions 2023,2023,84,,
Yoru,6,3,3.6,50.0,1657,Champions 2023,2023,84,,
Astra,8,3,8.7,37.5,1921,Masters Madrid 2024,2024,46,,
Breach,11,3,12.0,27.3,1921,Masters Madrid 2024,2024,46,,
Brimstone,6,4,6.5,66.7,1921,Masters Madrid 2024,2024,46,,
Chamber,2,0,2.2,0.0,1921,Masters Madrid 2024,2024,46,,
Cypher,23,9,25.0,39.1,1921,Masters Madrid 2024,2024,46,,
Fade,15,9,16.3,60.0,1921,Masters Madrid 2024,2024,46,,
Gekko,22,13,23.9,59.1,1921,Masters Madrid 2024,2024,46,,
Harbor,6,3,6.5,50.0,1921,Masters Madrid 2024,2024,46,,
Jett,39,19,42.4,48.7,1921,Masters Madrid 2024,2024,46,,
Kayo,32,15,34.8,46.9,1921,Masters Madrid 2024,2024,46,,
Killjoy,26,17,28.3,65.4,1921,Masters Madrid 2024,2024,46,,
Neon,4,2,4.3,50.0,1921,Masters Madrid 2024,2024,46,,
Omen,61,30,66.3,49.2,1921,Masters Madrid 2024,2024,46,,
Phoenix,6,2,6.5,33.3,1921,Masters Madrid 2024,2024,46,,
Raze,47,24,51.1,51.1,1921,Masters Madrid 2024,2024,46,,
Reyna,3,1,3.3,33.3,1921,Masters Madrid 2024,2024,46,,
Sage,5,4,5.4,80.0,1921,Masters Madrid 2024,2024,46,,
Skye,24,12,26.1,50.0,1921,Masters Madrid 2024,2024,46,,
Sova,30,15,32.6,50.0,1921,Masters Madrid 2024,2024,46,,
Viper,70,37,76.1,52.9,1921,Masters Madrid 2024,2024,46,,
Yoru,10,3,10.9,30.0,1921,Masters Madrid 2024,2024,46,,
Astra,11,3,10.8,27.3,1923,VCT Americas Kickoff 2024,2024,51,,
Breach,18,10,17.6,55.6,1923,VCT Americas Kickoff 2024,2024,51,,
Brimstone,13,5,12.7,38.5,1923,VCT Americas Kickoff 2024,2024,51,,
Chamber,3,0,2.9,0.0,1923,VCT Americas Kickoff 2024,2024,51,,
Cypher,39,24,38.2,61.5,1923,VCT Americas Kickoff 2024,2024,51,,
Deadlock,2,1,2.0,50.0,1923,VCT Americas Kickoff 2024,2024,51,,
Fade,12,6,11.8,50.0,1923,VCT Americas Kickoff 2024,2024,51,,
Gekko,15,9,14.7,60.0,1923,VCT Americas Kickoff 2024,2024,51,,
Harbor,8,6,7.8,75.0,1923,VCT Americas Kickoff 2024,2024,51,,
Jett,41,17,40.2,41.5,1923,VCT Americas Kickoff 2024,2024,51,,
Kayo,37,19,36.3,51.4,1923,VCT Americas Kickoff 2024,2024,51,,
Killjoy,25,12,24.5,48.0,1923,VCT Americas Kickoff 2024,2024,51,,
Omen,57,31,55.9,54.4,1923,VCT Americas Kickoff 2024,2024,51,,
Phoenix,8,4,7.8,50.0,1923,VCT Americas Kickoff 2024,2024,51,,
Raze,54,29,52.9,53.7,1923,VCT Americas Kickoff 2024,2024,51,,
Reyna,1,1,1.0,100.0,1923,VCT Americas Kickoff 2024,2024,51,,
Skye,38,17,37.3,44.7,1923,VCT Americas Kickoff 2024,2024,51,,
Sova,37,17,36.3,45.9,1923,VCT Americas Kickoff 2024,2024,51,,
Viper,83,41,81.4,49.4,1923,VCT Americas Kickoff 2024,2024,51,,
Yoru,8,3,7.8,37.5,1923,VCT Americas Kickoff 2024,2024,51,,
Astra,8,2,8.7,25.0,1924,VCT Pacific Kickoff 2024,2024,46,,
Breach,4,2,4.3,50.0,1924,VCT Pacific Kickoff 2024,2024,46,,
Brimstone,6,4,6.5,66.7,1924,VCT Pacific Kickoff 2024,2024,46,,
Chamber,3,2,3.3,66.7,1924,VCT Pacific Kickoff 2024,2024,46,,
Cypher,35,16,38.0,45.7,1924,VCT Pacific Kickoff 2024,2024,46,,
Fade,21,10,22.8,47.6,1924,VCT Pacific Kickoff 2024,2024,46,,
Gekko,16,8,17.4,50.0,1924,VCT Pacific Kickoff 2024,2024,46,,
Harbor,12,4,13.0,33.3,1924,VCT Pacific Kickoff 2024,2024,46,,
Jett,44,24,47.8,54.5,1924,VCT Pacific Kickoff 2024,2024,46,,
Kayo,25,15,27.2,60.0,1924,VCT Pacific Kickoff 2024,2024,46,,
Killjoy,39,21,42.4,53.8,1924,VCT Pacific Kickoff 2024,2024,46,,
Neon,3,1,3.3,33.3,1924,VCT Pacific Kickoff 2024,2024,46,,
Omen,50,26,54.3,52.0,1924,VCT Pacific Kickoff 2024,2024,46,,
Raze,46,23,50.0,50.0,1924,VCT Pacific Kickoff 2024,2024,46,,
Reyna,1,0,1.1,0.0,1924,VCT Pacific Kickoff 2024,2024,46,,
Sage,3,2,3.3,66.7,1924,VCT Pacific Kickoff 2024,2024,46,,
Skye,23,9,25.0,39.1,1924,VCT Pacific Kickoff 2024,2024,46,,
Sova,38,18,41.3,47.4,1924,VCT Pacific Kickoff 2024,2024,46,,
Viper,71,37,77.2,52.1,1924,VCT Pacific Kickoff 2024,2024,46,,
Yoru,12,6,13.0,50.0,1924,VCT Pacific Kickoff 2024,2024,46,,
Astra,8,5,8.7,62.5,1925,VCT EMEA Kickoff 2024,2024,46,,
Breach,24,7,26.1,29.2,1925,VCT EMEA Kickoff 2024,2024,46,,
Brimstone,7,3,7.6,42.9,1925,VCT EMEA Kickoff 2024,2024,46,,
Chamber,3,1,3.3,33.3,1925,VCT EMEA Kickoff 2024,2024,46,,
Cypher,39,17,42.4,43.6,1925,VCT EMEA Kickoff 2024,2024,46,,
Fade,27,15,29.3,55.6,1925,VCT EMEA Kickoff 2024,2024,46,,
Gekko,15,8,16.3,53.3,1925,VCT EMEA Kickoff 2024,2024,46,,
Harbor,3,1,3.3,33.3,1925,VCT EMEA Kickoff 2024,2024,46,,
Jett,11,6,12.0,54.5,1925,VCT EMEA Kickoff 2024,2024,46,,
Kayo,16,7,17.4,43.8,1925,VCT EMEA Kickoff 2024,2024,46,,
Killjoy,27,14,29.3,51.9,1925,VCT EMEA Kickoff 2024,2024,46,,
Neon,6,4,6.5,66.7,1925,VCT EMEA Kickoff 2024,2024,46,,
Omen,68,35,73.9,51.5,1925,VCT EMEA Kickoff 2024,2024,46,,
Phoenix,4,1,4.3,25.0,1925,VCT EMEA Kickoff 2024,2024,46,,
Raze,62,31,67.4,50.0,1925,VCT EMEA Kickoff 2024,2024,46,,
Reyna,1,1,1.1,100.0,1925,VCT EMEA Kickoff 2024,2024,46,,
Sage,5,4,5.4,80.0,1925,VCT EMEA Kickoff 2024,2024,46,,
Skye,26,12,28.3,46.2,1925,VCT EMEA Kickoff 2024,2024,46,,
Sova,23,12,25.0,52.2,1925,VCT EMEA Kickoff 2024,2024,46,,
Viper,66,37,71.7,56.1,1925,VCT EMEA Kickoff 2024,2024,46,,
Yoru,19,9,20.7,47.4,1925,VCT EMEA Kickoff 2024,2024,46,,
Astra,6,2,6.5,33.3,1926,VCT CN Kickoff 2024,2024,46,,
Breach,18,7,19.6,38.9,1926,VCT CN Kickoff 2024,2024,46,,
Brimstone,12,7,13.0,58.3,1926,VCT CN Kickoff 2024,2024,46,,
Chamber,4,4,4.3,100.0,1926,VCT CN Kickoff 2024,2024,46,,
Cypher,40,19,43.5,47.5,1926,VCT CN Kickoff 2024,2024,46,,
Fade,17,8,18.5,47.1,1926,VCT CN Kickoff 2024,2024,46,,
Gekko,6,4,6.5,66.7,1926,VCT CN Kickoff 2024,2024,46,,
Harbor,9,5,9.8,55.6,1926,VCT CN Kickoff 2024,2024,46,,
Jett,43,22,46.7,51.2,1926,VCT CN Kickoff 2024,2024,46,,
Kayo,19,11,20.7,57.9,1926,VCT CN Kickoff 2024,2024,46,,
Killjoy,33,15,35.9,45.5,1926,VCT CN Kickoff 2024,2024,46,,
Neon,3,1,3.3,33.3,1926,VCT CN Kickoff 2024,2024,46,,
Omen,55,27,59.8,49.1,1926,VCT CN Kickoff 2024,2024,46,,
Phoenix,5,2,5.4,40.0,1926,VCT CN Kickoff 2024,2024,46,,
Raze,53,25,57.6,47.2,1926,VCT CN Kickoff 2024,2024,46,,
Reyna,2,1,2.2,50.0,1926,VCT CN Kickoff 2024,2024,46,,
Skye,20,10,21.7,50.0,1926,VCT CN Kickoff 2024,2024,46,,
Sova,48,26,52.2,54.2,1926,VCT CN Kickoff 2024,2024,46,,
Viper,59,32,64.1,54.2,1926,VCT CN Kickoff 2024,2024,46,,
Yoru,8,2,8.7,25.0,1926,VCT CN Kickoff 2024,2024,46,,
Astra,5,3,2.6,60.0,1998,VCT EMEA Stage 1 2024,2024,95,,
Breach,32,15,16.8,46.9,1998,VCT EMEA Stage 1 2024,2024,95,,
Brimstone,18,7,9.5,38.9,1998,VCT EMEA Stage 1 2024,2024,95,,
Chamber,7,4,3.7,57.1,1998,VCT EMEA Stage 1 2024,2024,95,,
Cypher,83,45,43.7,54.2,1998,VCT EMEA Stage 1 2024,2024,95,,
Deadlock,3,0,1.6,0.0,1998,VCT EMEA Stage 1 2024,2024,95,,
Fade,23,13,12.1,56.5,1998,VCT EMEA Stage 1 2024,2024,95,,
Gekko,59,26,31.1,44.1,1998,VCT EMEA Stage 1 2024,2024,95,,
Harbor,5,1,2.6,20.0,1998,VCT EMEA Stage 1 2024,2024,95,,
Jett,44,20,23.2,45.5,1998,VCT EMEA Stage 1 2024,2024,95,,
Kayo,73,38,38.4,52.1,1998,VCT EMEA Stage 1 2024,2024,95,,
Killjoy,55,24,28.9,43.6,1998,VCT EMEA Stage 1 2024,2024,95,,
Neon,12,6,6.3,50.0,1998,VCT EMEA Stage 1 2024,2024,95,,
Omen,116,60,61.1,51.7,1998,VCT EMEA Stage 1 2024,2024,95,,
Phoenix,4,1,2.1,25.0,1998,VCT EMEA Stage 1 2024,2024,95,,
Raze,97,49,51.1,50.5,1998,VCT EMEA Stage 1 2024,2024,95,,
Reyna,4,3,2.1,75.0,1998,VCT EMEA Stage 1 2024,2024,95,,
Sage,24,11,12.6,45.8,1998,VCT EMEA Stage 1 2024,2024,95,,
Skye,34,18,17.9,52.9,1998,VCT EMEA Stage 1 2024,2024,95,,
Sova,77,40,40.5,51.9,1998,VCT EMEA Stage 1 2024,2024,95,,
Viper,134,68,70.5,50.7,1998,VCT EMEA Stage 1 2024,2024,95,,
Yoru,41,23,21.6,56.1,1998,VCT EMEA Stage 1 2024,2024,95,,
Astra,8,6,6.2,75.0,1999,Masters Shanghai 2024,2024,65,,
Breach,18,9,13.8,50.0,1999,Masters Shanghai 2024,2024,65,,
Brimstone,14,8,10.8,57.1,1999,Masters Shanghai 2024,2024,65,,
Chamber,3,1,2.3,33.3,1999,Masters Shanghai 2024,2024,65,,
Clove,2,1,1.5,50.0,1999,Masters Shanghai 2024,2024,65,,
Cypher,41,19,31.5,46.3,1999,Masters Shanghai 2024,2024,65,,
Fade,34,16,26.2,47.1,1999,Masters Shanghai 2024,2024,65,,
Gekko,42,17,32.3,40.5,1999,Masters Shanghai 2024,2024,65,,
Harbor,15,4,11.5,26.7,1999,Masters Shanghai 2024,2024,65,,
Jett,47,26,36.2,55.3,1999,Masters Shanghai 2024,2024,65,,
Kayo,41,24,31.5,58.5,1999,Masters Shanghai 2024,2024,65,,
Killjoy,48,25,36.9,52.1,1999,Masters Shanghai 2024,2024,65,,
Neon,1,0,0.8,0.0,1999,Masters Shanghai 2024,2024,65,,
Omen,84,41,64.6,48.8,1999,Masters Shanghai 2024,2024,65,,
Phoenix,1,1,0.8,100.0,1999,Masters Shanghai 2024,2024,65,,
Raze,74,36,56.9,48.6,1999,Masters Shanghai 2024,2024,65,,
Reyna,3,2,2.3,66.7,1999,Masters Shanghai 2024,2024,65,,
Sage,6,3,4.6,50.0,1999,Masters Shanghai 2024,2024,65,,
Skye,23,9,17.7,39.1,1999,Masters Shanghai 2024,2024,65,,
Sova,49,29,37.7,59.2,1999,Masters Shanghai 2024,2024,65,,
Viper,84,42,64.6,50.0,1999,Masters Shanghai 2024,2024,65,,
Yoru,12,6,9.2,50.0,1999,Masters Shanghai 2024,2024,65,,
Astra,4,2,2.0,50.0,2002,VCT Pacific Stage 1 2024,2024,100,,
Breach,20,12,10.0,60.0,2002,VCT Pacific Stage 1 2024,2024,100,,
Brimstone,20,11,10.0,55.0,2002,VCT Pacific Stage 1 2024,2024,100,,
Chamber,17,9,8.5,52.9,2002,VCT Pacific Stage 1 2024,2024,100,,
Cypher,60,29,30.0,48.3,2002,VCT Pacific Stage 1 2024,2024,100,,
Fade,43,21,21.5,48.8,2002,VCT Pacific Stage 1 2024,2024,100,,
Gekko,52,24,26.0,46.2,2002,VCT Pacific Stage 1 2024,2024,100,,
Harbor,17,9,8.5,52.9,2002,VCT Pacific Stage 1 2024,2024,100,,
Jett,81,43,40.5,53.1,2002,VCT Pacific Stage 1 2024,2024,100,,
Kayo,68,30,34.0,44.1,2002,VCT Pacific Stage 1 2024,2024,100,,
Killjoy,81,39,40.5,48.1,2002,VCT Pacific Stage 1 2024,2024,100,,
Neon,7,3,3.5,42.9,2002,VCT Pacific Stage 1 2024,2024,100,,
Omen,133,67,66.5,50.4,2002,VCT Pacific Stage 1 2024,2024,100,,
Phoenix,4,2,2.0,50.0,2002,VCT Pacific Stage 1 2024,2024,100,,
Raze,118,59,59.0,50.0,2002,VCT Pacific Stage 1 2024,2024,100,,
Reyna,2,1,1.0,50.0,2002,VCT Pacific Stage 1 2024,2024,100,,
Sage,16,11,8.0,68.8,2002,VCT Pacific Stage 1 2024,2024,100,,
Skye,45,22,22.5,48.9,2002,VCT Pacific Stage 1 2024,2024,100,,
Sova,64,33,32.0,51.6,2002,VCT Pacific Stage 1 2024,2024,100,,
Viper,136,66,68.0,48.5,2002,VCT Pacific Stage 1 2024,2024,100,,
Yoru,12,7,6.0,58.3,2002,VCT Pacific Stage 1 2024,2024,100,,
Astra,9,4,4.8,44.4,2004,VCT Americas Stage 1 2024,2024,93,,
Breach,19,10,10.2,52.6,2004,VCT Americas Stage 1 2024,2024,93,,
Brimstone,31,16,16.7,51.6,2004,VCT Americas Stage 1 2024,2024,93,,
Cypher,60,30,32.3,50.0,2004,VCT Americas Stage 1 2024,2024,93,,
Deadlock,2,1,1.1,50.0,2004,VCT Americas Stage 1 2024,2024,93,,
Fade,44,25,23.7,56.8,2004,VCT Americas Stage 1 2024,2024,93,,
Gekko,68,36,36.6,52.9,2004,VCT Americas Stage 1 2024,2024,93,,
Harbor,19,10,10.2,52.6,2004,VCT Americas Stage 1 2024,2024,93,,
Jett,64,33,34.4,51.6,2004,VCT Americas Stage 1 2024,2024,93,,
Kayo,53,23,28.5,43.4,2004,VCT Americas Stage 1 2024,2024,93,,
Killjoy,81,43,43.5,53.1,2004,VCT Americas Stage 1 2024,2024,93,,
Omen,94,47,50.5,50.0,2004,VCT Americas Stage 1 2024,2024,93,,
Phoenix,2,0,1.1,0.0,2004,VCT Americas Stage 1 2024,2024,93,,
Raze,106,54,57.0,50.9,2004,VCT Americas Stage 1 2024,2024,93,,
Reyna,4,1,2.2,25.0,2004,VCT Americas Stage 1 2024,2024,93,,
Sage,6,2,3.2,33.3,2004,VCT Americas Stage 1 2024,2024,93,,
Skye,39,17,21.0,43.6,2004,VCT Americas Stage 1 2024,2024,93,,
Sova,69,36,37.1,52.2,2004,VCT Americas Stage 1 2024,2024,93,,
Viper,150,73,80.6,48.7,2004,VCT Americas Stage 1 2024,2024,93,,
Yoru,10,4,5.4,40.0,2004,VCT Americas Stage 1 2024,2024,93,,
Astra,6,4,3.4,66.7,2005,VCT Pacific Stage 2 2024,2024,88,,
Breach,51,27,29.0,52.9,2005,VCT Pacific Stage 2 2024,2024,88,,
Brimstone,8,5,4.5,62.5,2005,VCT Pacific Stage 2 2024,2024,88,,
Chamber,11,2,6.2,18.2,2005,VCT Pacific Stage 2 2024,2024,88,,
Clove,13,7,7.4,53.8,2005,VCT Pacific Stage 2 2024,2024,88,,
Cypher,69,31,39.2,44.9,2005,VCT Pacific Stage 2 2024,2024,88,,
Deadlock,5,1,2.8,20.0,2005,VCT Pacific Stage 2 2024,2024,88,,
Fade,24,11,13.6,45.8,2005,VCT Pacific Stage 2 2024,2024,88,,
Gekko,35,17,19.9,48.6,2005,VCT Pacific Stage 2 2024,2024,88,,
Harbor,8,2,4.5,25.0,2005,VCT Pacific Stage 2 2024,2024,88,,
Iso,7,1,4.0,14.3,2005,VCT Pacific Stage 2 2024,2024,88,,
Jett,84,46,47.7,54.8,2005,VCT Pacific Stage 2 2024,2024,88,,
Kayo,72,38,40.9,52.8,2005,VCT Pacific Stage 2 2024,2024,88,,
Killjoy,72,38,40.9,52.8,2005,VCT Pacific Stage 2 2024,2024,88,,
Neon,29,15,16.5,51.7,2005,VCT Pacific Stage 2 2024,2024,88,,
Omen,132,64,75.0,48.5,2005,VCT Pacific Stage 2 2024,2024,88,,
Phoenix,3,2,1.7,66.7,2005,VCT Pacific Stage 2 2024,2024,88,,
Raze,60,30,34.1,50.0,2005,VCT Pacific Stage 2 2024,2024,88,,
Reyna,3,1,1.7,33.3,2005,VCT Pacific Stage 2 2024,2024,88,,
Sage,14,10,8.0,71.4,2005,VCT Pacific Stage 2 2024,2024,88,,
Skye,25,13,14.2,52.0,2005,VCT Pacific Stage 2 2024,2024,88,,
Sova,85,42,48.3,49.4,2005,VCT Pacific Stage 2 2024,2024,88,,
Viper,61,33,34.7,54.1,2005,VCT Pacific Stage 2 2024,2024,88,,
Yoru,3,0,1.7,0.0,2005,VCT Pacific Stage 2 2024,2024,88,,
Astra,12,10,6.3,83.3,2006,VCT CN Stage 1 2024,2024,95,,
Breach,27,9,14.2,33.3,2006,VCT CN Stage 1 2024,2024,95,,
Brimstone,30,15,15.8,50.0,2006,VCT CN Stage 1 2024,2024,95,,
Chamber,1,1,0.5,100.0,2006,VCT CN Stage 1 2024,2024,95,,
Clove,3,2,1.6,66.7,2006,VCT CN Stage 1 2024,2024,95,,
Cypher,88,42,46.3,47.7,2006,VCT CN Stage 1 2024,2024,95,,
Fade,26,12,13.7,46.2,2006,VCT CN Stage 1 2024,2024,95,,
Gekko,46,28,24.2,60.9,2006,VCT CN Stage 1 2024,2024,95,,
Harbor,22,9,11.6,40.9,2006,VCT CN Stage 1 2024,2024,95,,
Jett,71,33,37.4,46.5,2006,VCT CN Stage 1 2024,2024,95,,
Kayo,49,26,25.8,53.1,2006,VCT CN Stage 1 2024,2024,95,,
Killjoy,60,30,31.6,50.0,2006,VCT CN Stage 1 2024,2024,95,,
Neon,1,0,0.5,0.0,2006,VCT CN Stage 1 2024,2024,95,,
Omen,110,54,57.9,49.1,2006,VCT CN Stage 1 2024,2024,95,,
Raze,107,54,56.3,50.5,2006,VCT CN Stage 1 2024,2024,95,,
Reyna,5,2,2.6,40.0,2006,VCT CN Stage 1 2024,2024,95,,
Sage,2,1,1.1,50.0,2006,VCT CN Stage 1 2024,2024,95,,
Skye,50,26,26.3,52.0,2006,VCT CN Stage 1 2024,2024,95,,
Sova,82,37,43.2,45.1,2006,VCT CN Stage 1 2024,2024,95,,
Viper,135,73,71.1,54.1,2006,VCT CN Stage 1 2024,2024,95,,
Yoru,23,11,12.1,47.8,2006,VCT CN Stage 1 2024,2024,95,,
Astra,7,5,4.2,71.4,2094,VCT EMEA Stage 2 2024,2024,83,,
Breach,57,26,34.3,45.6,2094,VCT EMEA Stage 2 2024,2024,83,,
Brimstone,9,4,5.4,44.4,2094,VCT EMEA Stage 2 2024,2024,83,,
Chamber,1,0,0.6,0.0,2094,VCT EMEA Stage 2 2024,2024,83,,
Clove,1,1,0.6,100.0,2094,VCT EMEA Stage 2 2024,2024,83,,
Cypher,107,51,64.5,47.7,2094,VCT EMEA Stage 2 2024,2024,83,,
Deadlock,2,1,1.2,50.0,2094,VCT EMEA Stage 2 2024,2024,83,,
Fade,45,23,27.1,51.1,2094,VCT EMEA Stage 2 2024,2024,83,,
Gekko,49,27,29.5,55.1,2094,VCT EMEA Stage 2 2024,2024,83,,
Harbor,3,0,1.8,0.0,2094,VCT EMEA Stage 2 2024,2024,83,,
Iso,15,10,9.0,66.7,2094,VCT EMEA Stage 2 2024,2024,83,,
Jett,47,20,28.3,42.6,2094,VCT EMEA Stage 2 2024,2024,83,,
Kayo,48,24,28.9,50.0,2094,VCT EMEA Stage 2 2024,2024,83,,
Killjoy,38,22,22.9,57.9,2094,VCT EMEA Stage 2 2024,2024,83,,
Neon,42,21,25.3,50.0,2094,VCT EMEA Stage 2 2024,2024,83,,
Omen,125,62,75.3,49.6,2094,VCT EMEA Stage 2 2024,2024,83,,
Raze,64,33,38.6,51.6,2094,VCT EMEA Stage 2 2024,2024,83,,
Reyna,2,0,1.2,0.0,2094,VCT EMEA Stage 2 2024,2024,83,,
Sage,7,2,4.2,28.6,2094,VCT EMEA Stage 2 2024,2024,83,,
Skye,7,3,4.2,42.9,2094,VCT EMEA Stage 2 2024,2024,83,,
Sova,78,38,47.0,48.7,2094,VCT EMEA Stage 2 2024,2024,83,,
Viper,52,30,31.3,57.7,2094,VCT EMEA Stage 2 2024,2024,83,,
Yoru,24,12,14.5,50.0,2094,VCT EMEA Stage 2 2024,2024,83,,
Astra,2,2,1.2,100.0,2095,VCT Americas Stage 2 2024,2024,82,,
Breach,43,22,26.2,51.2,2095,VCT Americas Stage 2 2024,2024,82,,
Brimstone,20,10,12.2,50.0,2095,VCT Americas Stage 2 2024,2024,82,,
Clove,6,3,3.7,50.0,2095,VCT Americas Stage 2 2024,2024,82,,
Cypher,65,35,39.6,53.8,2095,VCT Americas Stage 2 2024,2024,82,,
Deadlock,8,4,4.9,50.0,2095,VCT Americas Stage 2 2024,2024,82,,
Fade,43,20,26.2,46.5,2095,VCT Americas Stage 2 2024,2024,82,,
Gekko,45,18,27.4,40.0,2095,VCT Americas Stage 2 2024,2024,82,,
Harbor,14,9,8.5,64.3,2095,VCT Americas Stage 2 2024,2024,82,,
Iso,4,2,2.4,50.0,2095,VCT Americas Stage 2 2024,2024,82,,
Jett,59,28,36.0,47.5,2095,VCT Americas Stage 2 2024,2024,82,,
Kayo,37,13,22.6,35.1,2095,VCT Americas Stage 2 2024,2024,82,,
Killjoy,76,36,46.3,47.4,2095,VCT Americas Stage 2 2024,2024,82,,
Neon,33,18,20.1,54.5,2095,VCT Americas Stage 2 2024,2024,82,,
Omen,117,57,71.3,48.7,2095,VCT Americas Stage 2 2024,2024,82,,
Raze,57,30,34.8,52.6,2095,VCT Americas Stage 2 2024,2024,82,,
Reyna,4,2,2.4,50.0,2095,VCT Americas Stage 2 2024,2024,82,,
Sage,7,4,4.3,57.1,2095,VCT Americas Stage 2 2024,2024,82,,
Skye,23,15,14.0,65.2,2095,VCT Americas Stage 2 2024,2024,82,,
Sova,83,43,50.6,51.8,2095,VCT Americas Stage 2 2024,2024,82,,
Viper,69,37,42.1,53.6,2095,VCT Americas Stage 2 2024,2024,82,,
Yoru,5,2,3.0,40.0,2095,VCT Americas Stage 2 2024,2024,82,,
Astra,15,7,8.9,46.7,2096,VCT CN Stage 2 2024,2024,84,,
Breach,54,25,32.1,46.3,2096,VCT CN Stage 2 2024,2024,84,,
Brimstone,18,10,10.7,55.6,2096,VCT CN Stage 2 2024,2024,84,,
Chamber,11,7,6.5,63.6,2096,VCT CN Stage 2 2024,2024,84,,
Clove,4,3,2.4,75.0,2096,VCT CN Stage 2 2024,2024,84,,
Cypher,67,33,39.9,49.3,2096,VCT CN Stage 2 2024,2024,84,,
Deadlock,7,4,4.2,57.1,2096,VCT CN Stage 2 2024,2024,84,,
Fade,33,19,19.6,57.6,2096,VCT CN Stage 2 2024,2024,84,,
Gekko,42,20,25.0,47.6,2096,VCT CN Stage 2 2024,2024,84,,
Harbor,2,0,1.2,0.0,2096,VCT CN Stage 2 2024,2024,84,,
Jett,85,41,50.6,48.2,2096,VCT CN Stage 2 2024,2024,84,,
Kayo,60,32,35.7,53.3,2096,VCT CN Stage 2 2024,2024,84,,
Killjoy,60,32,35.7,53.3,2096,VCT CN Stage 2 2024,2024,84,,
Neon,19,11,11.3,57.9,2096,VCT CN Stage 2 2024,2024,84,,
Omen,121,59,72.0,48.8,2096,VCT CN Stage 2 2024,2024,84,,
Phoenix,2,2,1.2,100.0,2096,VCT CN Stage 2 2024,2024,84,,
Raze,62,30,36.9,48.4,2096,VCT CN Stage 2 2024,2024,84,,
Sage,9,5,5.4,55.6,2096,VCT CN Stage 2 2024,2024,84,,
Skye,21,9,12.5,42.9,2096,VCT CN Stage 2 2024,2024,84,,
Sova,69,32,41.1,46.4,2096,VCT CN Stage 2 2024,2024,84,,
Viper,68,34,40.5,50.0,2096,VCT CN Stage 2 2024,2024,84,,
Yoru,11,5,6.5,45.5,2096,VCT CN Stage 2 2024,2024,84,,
Astra,21,10,12.2,47.6,2097,Champions 2024,2024,86,,
Breach,41,17,23.8,41.5,2097,Champions 2024,2024,86,,
Brimstone,22,10,12.8,45.5,2097,Champions 2024,2024,86,,
Chamber,5,3,2.9,60.0,2097,Champions 2024,2024,86,,
Clove,7,5,4.1,71.4,2097,Champions 2024,2024,86,,
Cypher,73,34,42.4,46.6,2097,Champions 2024,2024,86,,
Deadlock,8,3,4.7,37.5,2097,Champions 2024,2024,86,,
Fade,59,31,34.3,52.5,2097,Champions 2024,2024,86,,
Gekko,46,22,26.7,47.8,2097,Champions 2024,2024,86,,
Harbor,12,7,7.0,58.3,2097,Champions 2024,2024,86,,
Iso,2,2,1.2,100.0,2097,Champions 2024,2024,86,,
Jett,50,25,29.1,50.0,2097,Champions 2024,2024,86,,
Kayo,34,20,19.8,58.8,2097,Champions 2024,2024,86,,
Killjoy,56,28,32.6,50.0,2097,Champions 2024,2024,86,,
Neon,37,23,21.5,62.2,2097,Champions 2024,2024,86,,
Omen,107,56,62.2,52.3,2097,Champions 2024,2024,86,,
Phoenix,1,0,0.6,0.0,2097,Champions 2024,2024,86,,
Raze,70,32,40.7,45.7,2097,Champions 2024,2024,86,,
Sage,7,2,4.1,28.6,2097,Champions 2024,2024,86,,
Skye,13,6,7.6,46.2,2097,Champions 2024,2024,86,,
Sova,90,47,52.3,52.2,2097,Champions 2024,2024,86,,
Viper,86,41,50.0,47.7,2097,Champions 2024,2024,86,,
Yoru,13,6,7.6,46.2,2097,Champions 2024,2024,86,,
Astra,48,27,42.9,56.2,2274,VCT Americas Kickoff 2025,2025,56,,
Breach,46,25,41.1,54.3,2274,VCT Americas Kickoff 2025,2025,56,,
Brimstone,20,10,17.9,50.0,2274,VCT Americas Kickoff 2025,2025,56,,
Chamber,8,5,7.1,62.5,2274,VCT Americas Kickoff 2025,2025,56,,
Clove,4,4,3.6,100.0,2274,VCT Americas Kickoff 2025,2025,56,,
Cypher,31,14,27.7,45.2,2274,VCT Americas Kickoff 2025,2025,56,,
Deadlock,5,2,4.5,40.0,2274,VCT Americas Kickoff 2025,2025,56,,
Fade,22,9,19.6,40.9,2274,VCT Americas Kickoff 2025,2025,56,,
Gekko,4,2,3.6,50.0,2274,VCT Americas Kickoff 2025,2025,56,,
Harbor,1,0,0.9,0.0,2274,VCT Americas Kickoff 2025,2025,56,,
Iso,1,0,0.9,0.0,2274,VCT Americas Kickoff 2025,2025,56,,
Jett,39,20,34.8,51.3,2274,VCT Americas Kickoff 2025,2025,56,,
Kayo,23,12,20.5,52.2,2274,VCT Americas Kickoff 2025,2025,56,,
Killjoy,10,6,8.9,60.0,2274,VCT Americas Kickoff 2025,2025,56,,
Neon,3,3,2.7,100.0,2274,VCT Americas Kickoff 2025,2025,56,,
Omen,51,21,45.5,41.2,2274,VCT Americas Kickoff 2025,2025,56,,
Phoenix,2,0,1.8,0.0,2274,VCT Americas Kickoff 2025,2025,56,,
Raze,49,24,43.8,49.0,2274,VCT Americas Kickoff 2025,2025,56,,
Sage,3,1,2.7,33.3,2274,VCT Americas Kickoff 2025,2025,56,,
Skye,19,8,17.0,42.1,2274,VCT Americas Kickoff 2025,2025,56,,
Sova,40,20,35.7,50.0,2274,VCT Americas Kickoff 2025,2025,56,,
Tejo,36,21,32.1,58.3,2274,VCT Americas Kickoff 2025,2025,56,,
Viper,36,19,32.1,52.8,2274,VCT Americas Kickoff 2025,2025,56,,
Vyse,31,15,27.7,48.4,2274,VCT Americas Kickoff 2025,2025,56,,
Yoru,28,12,25.0,42.9,2274,VCT Americas Kickoff 2025,2025,56,,
Astra,36,17,32.1,47.2,2275,VCT CN Kickoff 2025,2025,56,,
Breach,35,17,31.2,48.6,2275,VCT CN Kickoff 2025,2025,56,,
Brimstone,30,15,26.8,50.0,2275,VCT CN Kickoff 2025,2025,56,,
Clove,6,1,5.4,16.7,2275,VCT CN Kickoff 2025,2025,56,,
Cypher,44,25,39.3,56.8,2275,VCT CN Kickoff 2025,2025,56,,
Deadlock,10,6,8.9,60.0,2275,VCT CN Kickoff 2025,2025,56,,
Fade,28,16,25.0,57.1,2275,VCT CN Kickoff 2025,2025,56,,
Gekko,7,2,6.2,28.6,2275,VCT CN Kickoff 2025,2025,56,,
Harbor,2,2,1.8,100.0,2275,VCT CN Kickoff 2025,2025,56,,
Jett,35,17,31.2,48.6,2275,VCT CN Kickoff 2025,2025,56,,
Kayo,34,18,30.4,52.9,2275,VCT CN Kickoff 2025,2025,56,,
Killjoy,23,8,20.5,34.8,2275,VCT CN Kickoff 2025,2025,56,,
Neon,33,15,29.5,45.5,2275,VCT CN Kickoff 2025,2025,56,,
Omen,56,28,50.0,50.0,2275,VCT CN Kickoff 2025,2025,56,,
Phoenix,3,3,2.7,100.0,2275,VCT CN Kickoff 2025,2025,56,,
Raze,39,20,34.8,51.3,2275,VCT CN Kickoff 2025,2025,56,,
Skye,16,7,14.3,43.8,2275,VCT CN Kickoff 2025,2025,56,,
Sova,53,27,47.3,50.9,2275,VCT CN Kickoff 2025,2025,56,,
Tejo,9,4,8.0,44.4,2275,VCT CN Kickoff 2025,2025,56,,
Viper,24,14,21.4,58.3,2275,VCT CN Kickoff 2025,2025,56,,
Vyse,26,15,23.2,57.7,2275,VCT CN Kickoff 2025,2025,56,,
Yoru,11,3,9.8,27.3,2275,VCT CN Kickoff 2025,2025,56,,
Astra,56,27,46.7,48.2,2276,VCT EMEA Kickoff 2025,2025,60,,
Breach,44,21,36.7,47.7,2276,VCT EMEA Kickoff 2025,2025,60,,
Brimstone,25,12,20.8,48.0,2276,VCT EMEA Kickoff 2025,2025,60,,
Chamber,9,4,7.5,44.4,2276,VCT EMEA Kickoff 2025,2025,60,,
Clove,2,1,1.7,50.0,2276,VCT EMEA Kickoff 2025,2025,60,,
Cypher,45,22,37.5,48.9,2276,VCT EMEA Kickoff 2025,2025,60,,
Deadlock,3,3,2.5,100.0,2276,VCT EMEA Kickoff 2025,2025,60,,
Fade,32,15,26.7,46.9,2276,VCT EMEA Kickoff 2025,2025,60,,
Gekko,11,5,9.2,45.5,2276,VCT EMEA Kickoff 2025,2025,60,,
Harbor,5,1,4.2,20.0,2276,VCT EMEA Kickoff 2025,2025,60,,
Iso,4,3,3.3,75.0,2276,VCT EMEA Kickoff 2025,2025,60,,
Jett,33,17,27.5,51.5,2276,VCT EMEA Kickoff 2025,2025,60,,
Kayo,25,12,20.8,48.0,2276,VCT EMEA Kickoff 2025,2025,60,,
Killjoy,20,10,16.7,50.0,2276,VCT EMEA Kickoff 2025,2025,60,,
Neon,3,3,2.5,100.0,2276,VCT EMEA Kickoff 2025,2025,60,,
Omen,46,24,38.3,52.2,2276,VCT EMEA Kickoff 2025,2025,60,,
Phoenix,1,1,0.8,100.0,2276,VCT EMEA Kickoff 2025,2025,60,,
Raze,49,24,40.8,49.0,2276,VCT EMEA Kickoff 2025,2025,60,,
Reyna,2,1,1.7,50.0,2276,VCT EMEA Kickoff 2025,2025,60,,
Sage,5,1,4.2,20.0,2276,VCT EMEA Kickoff 2025,2025,60,,
Skye,10,5,8.3,50.0,2276,VCT EMEA Kickoff 2025,2025,60,,
Sova,48,25,40.0,52.1,2276,VCT EMEA Kickoff 2025,2025,60,,
Tejo,33,17,27.5,51.5,2276,VCT EMEA Kickoff 2025,2025,60,,
Viper,22,12,18.3,54.5,2276,VCT EMEA Kickoff 2025,2025,60,,
Vyse,24,12,20.0,50.0,2276,VCT EMEA Kickoff 2025,2025,60,,
Yoru,43,22,35.8,51.2,2276,VCT EMEA Kickoff 2025,2025,60,,
Astra,46,24,36.5,52.2,2277,VCT Pacific Kickoff 2025,2025,63,,
Breach,35,14,27.8,40.0,2277,VCT Pacific Kickoff 2025,2025,63,,
Brimstone,33,16,26.2,48.5,2277,VCT Pacific Kickoff 2025,2025,63,,
Chamber,6,1,4.8,16.7,2277,VCT Pacific Kickoff 2025,2025,63,,
Clove,3,1,2.4,33.3,2277,VCT Pacific Kickoff 2025,2025,63,,
Cypher,36,18,28.6,50.0,2277,VCT Pacific Kickoff 2025,2025,63,,
Deadlock,16,7,12.7,43.8,2277,VCT Pacific Kickoff 2025,2025,63,,
Fade,40,17,31.7,42.5,2277,VCT Pacific Kickoff 2025,2025,63,,
Gekko,11,6,8.7,54.5,2277,VCT Pacific Kickoff 2025,2025,63,,
Iso,7,4,5.6,57.1,2277,VCT Pacific Kickoff 2025,2025,63,,
Jett,32,15,25.4,46.9,2277,VCT Pacific Kickoff 2025,2025,63,,
Kayo,26,13,20.6,50.0,2277,VCT Pacific Kickoff 2025,2025,63,,
Killjoy,34,19,27.0,55.9,2277,VCT Pacific Kickoff 2025,2025,63,,
Neon,28,16,22.2,57.1,2277,VCT Pacific Kickoff 2025,2025,63,,
Omen,56,28,44.4,50.0,2277,VCT Pacific Kickoff 2025,2025,63,,
Phoenix,4,2,3.2,50.0,2277,VCT Pacific Kickoff 2025,2025,63,,
Raze,64,33,50.8,51.6,2277,VCT Pacific Kickoff 2025,2025,63,,
Sage,1,0,0.8,0.0,2277,VCT Pacific Kickoff 2025,2025,63,,
Skye,9,6,7.1,66.7,2277,VCT Pacific Kickoff 2025,2025,63,,
Sova,50,27,39.7,54.0,2277,VCT Pacific Kickoff 2025,2025,63,,
Tejo,29,14,23.0,48.3,2277,VCT Pacific Kickoff 2025,2025,63,,
Viper,25,12,19.8,48.0,2277,VCT Pacific Kickoff 2025,2025,63,,
Vyse,30,19,23.8,63.3,2277,VCT Pacific Kickoff 2025,2025,63,,
Yoru,9,3,7.1,33.3,2277,VCT Pacific Kickoff 2025,2025,63,,
Astra,19,8,22.1,42.1,2281,Masters Bangkok 2025,2025,43,,
Breach,38,19,44.2,50.0,2281,Masters Bangkok 2025,2025,43,,
Brimstone,22,11,25.6,50.0,2281,Masters Bangkok 2025,2025,43,,
Chamber,5,3,5.8,60.0,2281,Masters Bangkok 2025,2025,43,,
Clove,1,0,1.2,0.0,2281,Masters Bangkok 2025,2025,43,,
Cypher,22,11,25.6,50.0,2281,Masters Bangkok 2025,2025,43,,
Fade,22,10,25.6,45.5,2281,Masters Bangkok 2025,2025,43,,
Gekko,1,1,1.2,100.0,2281,Masters Bangkok 2025,2025,43,,
Iso,7,5,8.1,71.4,2281,Masters Bangkok 2025,2025,43,,
Jett,14,3,16.3,21.4,2281,Masters Bangkok 2025,2025,43,,
Kayo,9,4,10.5,44.4,2281,Masters Bangkok 2025,2025,43,,
Killjoy,3,2,3.5,66.7,2281,Masters Bangkok 2025,2025,43,,
Neon,7,4,8.1,57.1,2281,Masters Bangkok 2025,2025,43,,
Omen,45,23,52.3,51.1,2281,Masters Bangkok 2025,2025,43,,
Raze,33,15,38.4,45.5,2281,Masters Bangkok 2025,2025,43,,
Reyna,1,0,1.2,0.0,2281,Masters Bangkok 2025,2025,43,,
Skye,6,3,7.0,50.0,2281,Masters Bangkok 2025,2025,43,,
Sova,21,12,24.4,57.1,2281,Masters Bangkok 2025,2025,43,,
Tejo,47,22,54.7,46.8,2281,Masters Bangkok 2025,2025,43,,
Viper,30,17,34.9,56.7,2281,Masters Bangkok 2025,2025,43,,
Vyse,28,12,32.6,42.9,2281,Masters Bangkok 2025,2025,43,,
Yoru,39,25,45.3,64.1,2281,Masters Bangkok 2025,2025,43,,
Astra,21,10,11.9,47.6,2283,Champions 2025,2025,88,,
Breach,17,8,9.7,47.1,2283,Champions 2025,2025,88,,
Brimstone,17,9,9.7,52.9,2283,Champions 2025,2025,88,,
Chamber,6,2,3.4,33.3,2283,Champions 2025,2025,88,,
Cypher,53,25,30.1,47.2,2283,Champions 2025,2025,88,,
Deadlock,10,5,5.7,50.0,2283,Champions 2025,2025,88,,
Fade,75,34,42.6,45.3,2283,Champions 2025,2025,88,,
Gekko,5,1,2.8,20.0,2283,Champions 2025,2025,88,,
Harbor,5,3,2.8,60.0,2283,Champions 2025,2025,88,,
Jett,20,8,11.4,40.0,2283,Champions 2025,2025,88,,
Kayo,25,14,14.2,56.0,2283,Champions 2025,2025,88,,
Killjoy,16,10,9.1,62.5,2283,Champions 2025,2025,88,,
Neon,39,15,22.2,38.5,2283,Champions 2025,2025,88,,
Omen,141,70,80.1,49.6,2283,Champions 2025,2025,88,,
Raze,38,21,21.6,55.3,2283,Champions 2025,2025,88,,
Sage,13,7,7.4,53.8,2283,Champions 2025,2025,88,,
Skye,3,0,1.7,0.0,2283,Champions 2025,2025,88,,
Sova,94,53,53.4,56.4,2283,Champions 2025,2025,88,,
Tejo,15,7,8.5,46.7,2283,Champions 2025,2025,88,,
Viper,76,45,43.2,59.2,2283,Champions 2025,2025,88,,
Vyse,53,23,30.1,43.4,2283,Champions 2025,2025,88,,
Waylay,45,24,25.6,53.3,2283,Champions 2025,2025,88,,
Yoru,93,46,52.8,49.5,2283,Champions 2025,2025,88,,
Astra,50,26,24.0,52.0,2347,VCT Americas Stage 1 2025,2025,104,,
Breach,102,52,49.0,51.0,2347,VCT Americas Stage 1 2025,2025,104,,
Brimstone,18,9,8.7,50.0,2347,VCT Americas Stage 1 2025,2025,104,,
Chamber,5,3,2.4,60.0,2347,VCT Americas Stage 1 2025,2025,104,,
Clove,8,5,3.8,62.5,2347,VCT Americas Stage 1 2025,2025,104,,
Cypher,53,23,25.5,43.4,2347,VCT Americas Stage 1 2025,2025,104,,
Deadlock,5,1,2.4,20.0,2347,VCT Americas Stage 1 2025,2025,104,,
Fade,28,15,13.5,53.6,2347,VCT Americas Stage 1 2025,2025,104,,
Gekko,8,5,3.8,62.5,2347,VCT Americas Stage 1 2025,2025,104,,
Harbor,15,9,7.2,60.0,2347,VCT Americas Stage 1 2025,2025,104,,
Iso,9,3,4.3,33.3,2347,VCT Americas Stage 1 2025,2025,104,,
Jett,63,30,30.3,47.6,2347,VCT Americas Stage 1 2025,2025,104,,
Kayo,31,14,14.9,45.2,2347,VCT Americas Stage 1 2025,2025,104,,
Killjoy,35,17,16.8,48.6,2347,VCT Americas Stage 1 2025,2025,104,,
Neon,42,20,20.2,47.6,2347,VCT Americas Stage 1 2025,2025,104,,
Omen,106,51,51.0,48.1,2347,VCT Americas Stage 1 2025,2025,104,,
Raze,25,10,12.0,40.0,2347,VCT Americas Stage 1 2025,2025,104,,
Reyna,2,1,1.0,50.0,2347,VCT Americas Stage 1 2025,2025,104,,
Sage,4,2,1.9,50.0,2347,VCT Americas Stage 1 2025,2025,104,,
Sova,63,28,30.3,44.4,2347,VCT Americas Stage 1 2025,2025,104,,
Tejo,141,75,67.8,53.2,2347,VCT Americas Stage 1 2025,2025,104,,
Viper,72,37,34.6,51.4,2347,VCT Americas Stage 1 2025,2025,104,,
Vyse,68,37,32.7,54.4,2347,VCT Americas Stage 1 2025,2025,104,,
Waylay,13,8,6.2,61.5,2347,VCT Americas Stage 1 2025,2025,104,,
Yoru,74,39,35.6,52.7,2347,VCT Americas Stage 1 2025,2025,104,,
Astra,40,18,19.0,45.0,2359,VCT CN Stage 1 2025,2025,105,,
Breach,111,56,52.9,50.5,2359,VCT CN Stage 1 2025,2025,105,,
Brimstone,40,20,19.0,50.0,2359,VCT CN Stage 1 2025,2025,105,,
Chamber,10,6,4.8,60.0,2359,VCT CN Stage 1 2025,2025,105,,
Cypher,67,37,31.9,55.2,2359,VCT CN Stage 1 2025,2025,105,,
Deadlock,25,12,11.9,48.0,2359,VCT CN Stage 1 2025,2025,105,,
Fade,29,14,13.8,48.3,2359,VCT CN Stage 1 2025,2025,105,,
Gekko,18,9,8.6,50.0,2359,VCT CN Stage 1 2025,2025,105,,
Harbor,4,3,1.9,75.0,2359,VCT CN Stage 1 2025,2025,105,,
Iso,8,4,3.8,50.0,2359,VCT CN Stage 1 2025,2025,105,,
Jett,32,15,15.2,46.9,2359,VCT CN Stage 1 2025,2025,105,,
Kayo,19,9,9.0,47.4,2359,VCT CN Stage 1 2025,2025,105,,
Killjoy,32,16,15.2,50.0,2359,VCT CN Stage 1 2025,2025,105,,
Neon,56,28,26.7,50.0,2359,VCT CN Stage 1 2025,2025,105,,
Omen,103,52,49.0,50.5,2359,VCT CN Stage 1 2025,2025,105,,
Raze,23,11,11.0,47.8,2359,VCT CN Stage 1 2025,2025,105,,
Reyna,2,0,1.0,0.0,2359,VCT CN Stage 1 2025,2025,105,,
Skye,5,3,2.4,60.0,2359,VCT CN Stage 1 2025,2025,105,,
Sova,29,14,13.8,48.3,2359,VCT CN Stage 1 2025,2025,105,,
Tejo,150,78,71.4,52.0,2359,VCT CN Stage 1 2025,2025,105,,
Viper,75,39,35.7,52.0,2359,VCT CN Stage 1 2025,2025,105,,
Vyse,66,28,31.4,42.4,2359,VCT CN Stage 1 2025,2025,105,,
Waylay,14,5,6.7,35.7,2359,VCT CN Stage 1 2025,2025,105,,
Yoru,92,48,43.8,52.2,2359,VCT CN Stage 1 2025,2025,105,,
Astra,32,13,15.0,40.6,2379,VCT Pacific Stage 1 2025,2025,107,,
Breach,64,26,29.9,40.6,2379,VCT Pacific Stage 1 2025,2025,107,,
Brimstone,26,13,12.1,50.0,2379,VCT Pacific Stage 1 2025,2025,107,,
Chamber,8,3,3.7,37.5,2379,VCT Pacific Stage 1 2025,2025,107,,
Cypher,61,27,28.5,44.3,2379,VCT Pacific Stage 1 2025,2025,107,,
Deadlock,17,9,7.9,52.9,2379,VCT Pacific Stage 1 2025,2025,107,,
Fade,42,22,19.6,52.4,2379,VCT Pacific Stage 1 2025,2025,107,,
Gekko,1,0,0.5,0.0,2379,VCT Pacific Stage 1 2025,2025,107,,
Harbor,4,1,1.9,25.0,2379,VCT Pacific Stage 1 2025,2025,107,,
Iso,21,11,9.8,52.4,2379,VCT Pacific Stage 1 2025,2025,107,,
Jett,47,22,22.0,46.8,2379,VCT Pacific Stage 1 2025,2025,107,,
Kayo,35,17,16.4,48.6,2379,VCT Pacific Stage 1 2025,2025,107,,
Killjoy,53,30,24.8,56.6,2379,VCT Pacific Stage 1 2025,2025,107,,
Neon,54,32,25.2,59.3,2379,VCT Pacific Stage 1 2025,2025,107,,
Omen,131,69,61.2,52.7,2379,VCT Pacific Stage 1 2025,2025,107,,
Phoenix,5,2,2.3,40.0,2379,VCT Pacific Stage 1 2025,2025,107,,
Raze,37,21,17.3,56.8,2379,VCT Pacific Stage 1 2025,2025,107,,
Reyna,4,2,1.9,50.0,2379,VCT Pacific Stage 1 2025,2025,107,,
Skye,1,0,0.5,0.0,2379,VCT Pacific Stage 1 2025,2025,107,,
Sova,55,31,25.7,56.4,2379,VCT Pacific Stage 1 2025,2025,107,,
Tejo,132,64,61.7,48.5,2379,VCT Pacific Stage 1 2025,2025,107,,
Viper,82,42,38.3,51.2,2379,VCT Pacific Stage 1 2025,2025,107,,
Vyse,62,31,29.0,50.0,2379,VCT Pacific Stage 1 2025,2025,107,,
Waylay,13,5,6.1,38.5,2379,VCT Pacific Stage 1 2025,2025,107,,
Yoru,83,42,38.8,50.6,2379,VCT Pacific Stage 1 2025,2025,107,,
Astra,39,21,18.8,53.8,2380,VCT EMEA Stage 1 2025,2025,104,,
Breach,67,32,32.2,47.8,2380,VCT EMEA Stage 1 2025,2025,104,,
Brimstone,21,11,10.1,52.4,2380,VCT EMEA Stage 1 2025,2025,104,,
Chamber,7,3,3.4,42.9,2380,VCT EMEA Stage 1 2025,2025,104,,
Clove,1,0,0.5,0.0,2380,VCT EMEA Stage 1 2025,2025,104,,
Cypher,89,48,42.8,53.9,2380,VCT EMEA Stage 1 2025,2025,104,,
Deadlock,17,9,8.2,52.9,2380,VCT EMEA Stage 1 2025,2025,104,,
Fade,58,28,27.9,48.3,2380,VCT EMEA Stage 1 2025,2025,104,,
Gekko,14,7,6.7,50.0,2380,VCT EMEA Stage 1 2025,2025,104,,
Harbor,6,3,2.9,50.0,2380,VCT EMEA Stage 1 2025,2025,104,,
Iso,17,8,8.2,47.1,2380,VCT EMEA Stage 1 2025,2025,104,,
Jett,40,21,19.2,52.5,2380,VCT EMEA Stage 1 2025,2025,104,,
Kayo,32,17,15.4,53.1,2380,VCT EMEA Stage 1 2025,2025,104,,
Killjoy,43,22,20.7,51.2,2380,VCT EMEA Stage 1 2025,2025,104,,
Neon,30,19,14.4,63.3,2380,VCT EMEA Stage 1 2025,2025,104,,
Omen,126,63,60.6,50.0,2380,VCT EMEA Stage 1 2025,2025,104,,
Phoenix,1,1,0.5,100.0,2380,VCT EMEA Stage 1 2025,2025,104,,
Raze,44,21,21.2,47.7,2380,VCT EMEA Stage 1 2025,2025,104,,
Sage,4,3,1.9,75.0,2380,VCT EMEA Stage 1 2025,2025,104,,
Skye,1,0,0.5,0.0,2380,VCT EMEA Stage 1 2025,2025,104,,
Sova,58,28,27.9,48.3,2380,VCT EMEA Stage 1 2025,2025,104,,
Tejo,106,52,51.0,49.1,2380,VCT EMEA Stage 1 2025,2025,104,,
Viper,82,38,39.4,46.3,2380,VCT EMEA Stage 1 2025,2025,104,,
Vyse,34,17,16.3,50.0,2380,VCT EMEA Stage 1 2025,2025,104,,
Waylay,13,6,6.2,46.2,2380,VCT EMEA Stage 1 2025,2025,104,,
Yoru,90,42,43.3,46.7,2380,VCT EMEA Stage 1 2025,2025,104,,
Astra,18,10,8.1,55.6,2498,VCT EMEA Stage 2 2025,2025,111,,
Breach,26,13,11.7,50.0,2498,VCT EMEA Stage 2 2025,2025,111,,
Brimstone,15,6,6.8,40.0,2498,VCT EMEA Stage 2 2025,2025,111,,
Chamber,12,7,5.4,58.3,2498,VCT EMEA Stage 2 2025,2025,111,,
Clove,1,1,0.5,100.0,2498,VCT EMEA Stage 2 2025,2025,111,,
Cypher,88,46,39.6,52.3,2498,VCT EMEA Stage 2 2025,2025,111,,
Deadlock,23,11,10.4,47.8,2498,VCT EMEA Stage 2 2025,2025,111,,
Fade,87,45,39.2,51.7,2498,VCT EMEA Stage 2 2025,2025,111,,
Gekko,32,15,14.4,46.9,2498,VCT EMEA Stage 2 2025,2025,111,,
Harbor,1,0,0.5,0.0,2498,VCT EMEA Stage 2 2025,2025,111,,
Iso,14,7,6.3,50.0,2498,VCT EMEA Stage 2 2025,2025,111,,
Jett,53,27,23.9,50.9,2498,VCT EMEA Stage 2 2025,2025,111,,
Kayo,52,23,23.4,44.2,2498,VCT EMEA Stage 2 2025,2025,111,,
Killjoy,38,16,17.1,42.1,2498,VCT EMEA Stage 2 2025,2025,111,,
Neon,51,24,23.0,47.1,2498,VCT EMEA Stage 2 2025,2025,111,,
Omen,176,87,79.3,49.4,2498,VCT EMEA Stage 2 2025,2025,111,,
Phoenix,7,4,3.2,57.1,2498,VCT EMEA Stage 2 2025,2025,111,,
Raze,66,35,29.7,53.0,2498,VCT EMEA Stage 2 2025,2025,111,,
Sage,9,7,4.1,77.8,2498,VCT EMEA Stage 2 2025,2025,111,,
Skye,7,4,3.2,57.1,2498,VCT EMEA Stage 2 2025,2025,111,,
Sova,118,59,53.2,50.0,2498,VCT EMEA Stage 2 2025,2025,111,,
Tejo,9,6,4.1,66.7,2498,VCT EMEA Stage 2 2025,2025,111,,
Viper,101,49,45.5,48.5,2498,VCT EMEA Stage 2 2025,2025,111,,
Vyse,29,14,13.1,48.3,2498,VCT EMEA Stage 2 2025,2025,111,,
Waylay,5,2,2.3,40.0,2498,VCT EMEA Stage 2 2025,2025,111,,
Yoru,72,37,32.4,51.4,2498,VCT EMEA Stage 2 2025,2025,111,,
Astra,6,2,2.7,33.3,2499,VCT CN Stage 2 2025,2025,111,,
Breach,23,9,10.4,39.1,2499,VCT CN Stage 2 2025,2025,111,,
Brimstone,18,10,8.1,55.6,2499,VCT CN Stage 2 2025,2025,111,,
Chamber,8,4,3.6,50.0,2499,VCT CN Stage 2 2025,2025,111,,
Clove,9,6,4.1,66.7,2499,VCT CN Stage 2 2025,2025,111,,
Cypher,73,36,32.9,49.3,2499,VCT CN Stage 2 2025,2025,111,,
Deadlock,35,17,15.8,48.6,2499,VCT CN Stage 2 2025,2025,111,,
Fade,84,42,37.8,50.0,2499,VCT CN Stage 2 2025,2025,111,,
Gekko,10,6,4.5,60.0,2499,VCT CN Stage 2 2025,2025,111,,
Harbor,7,3,3.2,42.9,2499,VCT CN Stage 2 2025,2025,111,,
Iso,6,3,2.7,50.0,2499,VCT CN Stage 2 2025,2025,111,,
Jett,37,18,16.7,48.6,2499,VCT CN Stage 2 2025,2025,111,,
Kayo,26,13,11.7,50.0,2499,VCT CN Stage 2 2025,2025,111,,
Killjoy,54,27,24.3,50.0,2499,VCT CN Stage 2 2025,2025,111,,
Neon,86,45,38.7,52.3,2499,VCT CN Stage 2 2025,2025,111,,
Omen,190,95,85.6,50.0,2499,VCT CN Stage 2 2025,2025,111,,
Phoenix,3,1,1.4,33.3,2499,VCT CN Stage 2 2025,2025,111,,
Raze,56,29,25.2,51.8,2499,VCT CN Stage 2 2025,2025,111,,
Reyna,2,1,0.9,50.0,2499,VCT CN Stage 2 2025,2025,111,,
Sage,5,1,2.3,20.0,2499,VCT CN Stage 2 2025,2025,111,,
Skye,4,3,1.8,75.0,2499,VCT CN Stage 2 2025,2025,111,,
Sova,115,57,51.8,49.6,2499,VCT CN Stage 2 2025,2025,111,,
Viper,111,61,50.0,55.0,2499,VCT CN Stage 2 2025,2025,111,,
Vyse,50,24,22.5,48.0,2499,VCT CN Stage 2 2025,2025,111,,
Waylay,9,2,4.1,22.2,2499,VCT CN Stage 2 2025,2025,111,,
Yoru,83,40,37.4,48.2,2499,VCT CN Stage 2 2025,2025,111,,
Astra,18,9,8.7,50.0,2500,VCT Pacific Stage 2 2025,2025,104,,
Breach,10,6,4.8,60.0,2500,VCT Pacific Stage 2 2025,2025,104,,
Brimstone,18,10,8.7,55.6,2500,VCT Pacific Stage 2 2025,2025,104,,
Chamber,11,8,5.3,72.7,2500,VCT Pacific Stage 2 2025,2025,104,,
Clove,1,0,0.5,0.0,2500,VCT Pacific Stage 2 2025,2025,104,,
Cypher,51,26,24.5,51.0,2500,VCT Pacific Stage 2 2025,2025,104,,
Deadlock,42,15,20.2,35.7,2500,VCT Pacific Stage 2 2025,2025,104,,
Fade,92,50,44.2,54.3,2500,VCT Pacific Stage 2 2025,2025,104,,
Gekko,12,5,5.8,41.7,2500,VCT Pacific Stage 2 2025,2025,104,,
Harbor,4,2,1.9,50.0,2500,VCT Pacific Stage 2 2025,2025,104,,
Iso,8,4,3.8,50.0,2500,VCT Pacific Stage 2 2025,2025,104,,
Jett,29,16,13.9,55.2,2500,VCT Pacific Stage 2 2025,2025,104,,
Kayo,15,7,7.2,46.7,2500,VCT Pacific Stage 2 2025,2025,104,,
Killjoy,47,23,22.6,48.9,2500,VCT Pacific Stage 2 2025,2025,104,,
Neon,70,31,33.7,44.3,2500,VCT Pacific Stage 2 2025,2025,104,,
Omen,155,76,74.5,49.0,2500,VCT Pacific Stage 2 2025,2025,104,,
Raze,59,32,28.4,54.2,2500,VCT Pacific Stage 2 2025,2025,104,,
Sage,27,16,13.0,59.3,2500,VCT Pacific Stage 2 2025,2025,104,,
Skye,4,1,1.9,25.0,2500,VCT Pacific Stage 2 2025,2025,104,,
Sova,106,50,51.0,47.2,2500,VCT Pacific Stage 2 2025,2025,104,,
Tejo,4,1,1.9,25.0,2500,VCT Pacific Stage 2 2025,2025,104,,
Viper,117,53,56.2,45.3,2500,VCT Pacific Stage 2 2025,2025,104,,
Vyse,41,23,19.7,56.1,2500,VCT Pacific Stage 2 2025,2025,104,,
Waylay,23,14,11.1,60.9,2500,VCT Pacific Stage 2 2025,2025,104,,
Yoru,76,42,36.5,55.3,2500,VCT Pacific Stage 2 2025,2025,104,,
Astra,1,1,0.5,100.0,2501,VCT Americas Stage 2 2025,2025,106,,
Breach,20,6,9.4,30.0,2501,VCT Americas Stage 2 2025,2025,106,,
Brimstone,28,14,13.2,50.0,2501,VCT Americas Stage 2 2025,2025,106,,
Chamber,22,15,10.4,68.2,2501,VCT Americas Stage 2 2025,2025,106,,
Clove,4,1,1.9,25.0,2501,VCT Americas Stage 2 2025,2025,106,,
Cypher,56,22,26.4,39.3,2501,VCT Americas Stage 2 2025,2025,106,,
Deadlock,8,3,3.8,37.5,2501,VCT Americas Stage 2 2025,2025,106,,
Fade,90,47,42.5,52.2,2501,VCT Americas Stage 2 2025,2025,106,,
Gekko,6,2,2.8,33.3,2501,VCT Americas Stage 2 2025,2025,106,,
Harbor,7,5,3.3,71.4,2501,VCT Americas Stage 2 2025,2025,106,,
Iso,9,4,4.2,44.4,2501,VCT Americas Stage 2 2025,2025,106,,
Jett,39,18,18.4,46.2,2501,VCT Americas Stage 2 2025,2025,106,,
Kayo,24,12,11.3,50.0,2501,VCT Americas Stage 2 2025,2025,106,,
Killjoy,34,18,16.0,52.9,2501,VCT Americas Stage 2 2025,2025,106,,
Neon,71,33,33.5,46.5,2501,VCT Americas Stage 2 2025,2025,106,,
Omen,166,82,78.3,49.4,2501,VCT Americas Stage 2 2025,2025,106,,
Phoenix,1,0,0.5,0.0,2501,VCT Americas Stage 2 2025,2025,106,,
Raze,60,30,28.3,50.0,2501,VCT Americas Stage 2 2025,2025,106,,
Sage,16,7,7.5,43.8,2501,VCT Americas Stage 2 2025,2025,106,,
Skye,17,9,8.0,52.9,2501,VCT Americas Stage 2 2025,2025,106,,
Sova,107,52,50.5,48.6,2501,VCT Americas Stage 2 2025,2025,106,,
Tejo,8,5,3.8,62.5,2501,VCT Americas Stage 2 2025,2025,106,,
Viper,125,64,59.0,51.2,2501,VCT Americas Stage 2 2025,2025,106,,
Vyse,63,37,29.7,58.7,2501,VCT Americas Stage 2 2025,2025,106,,
Waylay,7,5,3.3,71.4,2501,VCT Americas Stage 2 2025,2025,106,,
Yoru,71,38,33.5,53.5,2501,VCT Americas Stage 2 2025,2025,106,,
Astra,27,13,22.5,48.1,926,Masters Reykjavik 2022,2022,60,4.08,
Breach,36,17,30.0,47.2,926,Masters Reykjavik 2022,2022,60,4.08,
Brimstone,18,9,15.0,50.0,926,Masters Reykjavik 2022,2022,60,4.08,
Chamber,53,33,44.2,62.3,926,Masters Reykjavik 2022,2022,60,4.08,
Cypher,15,7,12.5,46.7,926,Masters Reykjavik 2022,2022,60,4.08,
Jett,78,37,65.0,47.4,926,Masters Reykjavik 2022,2022,60,4.08,
Kayo,40,21,33.3,52.5,926,Masters Reykjavik 2022,2022,60,4.08,
Killjoy,32,13,26.7,40.6,926,Masters Reykjavik 2022,2022,60,4.08,
Neon,10,8,8.3,80.0,926,Masters Reykjavik 2022,2022,60,4.08,
Omen,46,23,38.3,50.0,926,Masters Reykjavik 2022,2022,60,4.08,
Raze,34,18,28.3,52.9,926,Masters Reykjavik 2022,2022,60,4.08,
Reyna,5,2,4.2,40.0,926,Masters Reykjavik 2022,2022,60,4.08,
Sage,51,23,42.5,45.1,926,Masters Reykjavik 2022,2022,60,4.08,
Skye,39,20,32.5,51.3,926,Masters Reykjavik 2022,2022,60,4.08,
Sova,59,29,49.2,49.2,926,Masters Reykjavik 2022,2022,60,4.08,
Viper,55,26,45.8,47.3,926,Masters Reykjavik 2022,2022,60,4.08,
Yoru,2,1,1.7,50.0,926,Masters Reykjavik 2022,2022,60,4.08,
Viper,105,52,68.2,49.5,2682,VCT Americas Kickoff 2026,2026,77,,
Waylay,82,45,53.2,54.9,2682,VCT Americas Kickoff 2026,2026,77,,
Astra,72,37,46.8,51.4,2682,VCT Americas Kickoff 2026,2026,77,,
Sova,70,36,45.5,51.4,2682,VCT Americas Kickoff 2026,2026,77,,
Yoru,70,30,45.5,42.9,2682,VCT Americas Kickoff 2026,2026,77,,
Omen,62,31,40.3,50.0,2682,VCT Americas Kickoff 2026,2026,77,,
Fade,46,20,29.9,43.5,2682,VCT Americas Kickoff 2026,2026,77,,
Chamber,31,17,20.1,54.8,2682,VCT Americas Kickoff 2026,2026,77,,
Neon,30,13,19.5,43.3,2682,VCT Americas Kickoff 2026,2026,77,,
Kayo,28,12,18.2,42.9,2682,VCT Americas Kickoff 2026,2026,77,,
Tejo,28,14,18.2,50.0,2682,VCT Americas Kickoff 2026,2026,77,,
Skye,27,16,17.5,59.3,2682,VCT Americas Kickoff 2026,2026,77,,
Brimstone,24,13,15.6,54.2,2682,VCT Americas Kickoff 2026,2026,77,,
Killjoy,23,11,14.9,47.8,2682,VCT Americas Kickoff 2026,2026,77,,
Jett,21,9,13.6,42.9,2682,VCT Americas Kickoff 2026,2026,77,,
Veto,13,8,8.4,61.5,2682,VCT Americas Kickoff 2026,2026,77,,
Raze,11,7,7.1,63.6,2682,VCT Americas Kickoff 2026,2026,77,,
Breach,10,5,6.5,50.0,2682,VCT Americas Kickoff 2026,2026,77,,
Sage,8,4,5.2,50.0,2682,VCT Americas Kickoff 2026,2026,77,,
Iso,4,2,2.6,50.0,2682,VCT Americas Kickoff 2026,2026,77,,
Cypher,2,1,1.3,50.0,2682,VCT Americas Kickoff 2026,2026,77,,
Phoenix,2,2,1.3,100.0,2682,VCT Americas Kickoff 2026,2026,77,,
Harbor,1,0,0.6,0.0,2682,VCT Americas Kickoff 2026,2026,77,,
Yoru,124,60,77.5,48.4,2683,VCT Pacific Kickoff 2026,2026,80,,
Viper,90,48,56.2,53.3,2683,VCT Pacific Kickoff 2026,2026,80,,
Omen,84,42,52.5,50.0,2683,VCT Pacific Kickoff 2026,2026,80,,
Fade,73,39,45.6,53.4,2683,VCT Pacific Kickoff 2026,2026,80,,
Sova,72,36,45.0,50.0,2683,VCT Pacific Kickoff 2026,2026,80,,
Astra,64,30,40.0,46.9,2683,VCT Pacific Kickoff 2026,2026,80,,
Neon,43,22,26.9,51.2,2683,VCT Pacific Kickoff 2026,2026,80,,
Waylay,40,17,25.0,42.5,2683,VCT Pacific Kickoff 2026,2026,80,,
Raze,39,21,24.4,53.8,2683,VCT Pacific Kickoff 2026,2026,80,,
Jett,25,12,15.6,48.0,2683,VCT Pacific Kickoff 2026,2026,80,,
Brimstone,24,14,15.0,58.3,2683,VCT Pacific Kickoff 2026,2026,80,,
Killjoy,20,11,12.5,55.0,2683,VCT Pacific Kickoff 2026,2026,80,,
Veto,19,9,11.9,47.4,2683,VCT Pacific Kickoff 2026,2026,80,,
Chamber,19,12,11.9,63.2,2683,VCT Pacific Kickoff 2026,2026,80,,
Cypher,17,5,10.6,29.4,2683,VCT Pacific Kickoff 2026,2026,80,,
Tejo,13,6,8.1,46.2,2683,VCT Pacific Kickoff 2026,2026,80,,
Skye,11,5,6.9,45.5,2683,VCT Pacific Kickoff 2026,2026,80,,
Phoenix,10,5,6.2,50.0,2683,VCT Pacific Kickoff 2026,2026,80,,
Kayo,5,3,3.1,60.0,2683,VCT Pacific Kickoff 2026,2026,80,,
Breach,3,2,1.9,66.7,2683,VCT Pacific Kickoff 2026,2026,80,,
Sage,2,1,1.2,50.0,2683,VCT Pacific Kickoff 2026,2026,80,,
Vyse,2,0,1.2,0.0,2683,VCT Pacific Kickoff 2026,2026,80,,
Harbor,1,0,0.6,0.0,2683,VCT Pacific Kickoff 2026,2026,80,,
Yoru,86,49,54.4,57.0,2684,VCT EMEA Kickoff 2026,2026,79,,
Viper,83,40,52.5,48.2,2684,VCT EMEA Kickoff 2026,2026,79,,
Sova,82,44,51.9,53.7,2684,VCT EMEA Kickoff 2026,2026,79,,
Astra,78,38,49.4,48.7,2684,VCT EMEA Kickoff 2026,2026,79,,
Waylay,63,29,39.9,46.0,2684,VCT EMEA Kickoff 2026,2026,79,,
Omen,62,29,39.2,46.8,2684,VCT EMEA Kickoff 2026,2026,79,,
Fade,47,23,29.7,48.9,2684,VCT EMEA Kickoff 2026,2026,79,,
Neon,35,24,22.2,68.6,2684,VCT EMEA Kickoff 2026,2026,79,,
Brimstone,32,15,20.3,46.9,2684,VCT EMEA Kickoff 2026,2026,79,,
Raze,31,13,19.6,41.9,2684,VCT EMEA Kickoff 2026,2026,79,,
Cypher,30,18,19.0,60.0,2684,VCT EMEA Kickoff 2026,2026,79,,
Kayo,26,10,16.5,38.5,2684,VCT EMEA Kickoff 2026,2026,79,,
Skye,22,9,13.9,40.9,2684,VCT EMEA Kickoff 2026,2026,79,,
Jett,22,13,13.9,59.1,2684,VCT EMEA Kickoff 2026,2026,79,,
Tejo,22,6,13.9,27.3,2684,VCT EMEA Kickoff 2026,2026,79,,
Killjoy,15,5,9.5,33.3,2684,VCT EMEA Kickoff 2026,2026,79,,
Chamber,13,8,8.2,61.5,2684,VCT EMEA Kickoff 2026,2026,79,,
Breach,9,6,5.7,66.7,2684,VCT EMEA Kickoff 2026,2026,79,,
Vyse,8,5,5.1,62.5,2684,VCT EMEA Kickoff 2026,2026,79,,
Sage,8,2,5.1,25.0,2684,VCT EMEA Kickoff 2026,2026,79,,
Phoenix,7,4,4.4,57.1,2684,VCT EMEA Kickoff 2026,2026,79,,
Veto,6,3,3.8,50.0,2684,VCT EMEA Kickoff 2026,2026,79,,
Gekko,3,2,1.9,66.7,2684,VCT EMEA Kickoff 2026,2026,79,,
Yoru,100,53,59.5,53.0,2685,VCT CN Kickoff 2026,2026,84,,
Omen,89,44,53.0,49.4,2685,VCT CN Kickoff 2026,2026,84,,
Viper,87,42,51.8,48.3,2685,VCT CN Kickoff 2026,2026,84,,
Sova,78,36,46.4,46.2,2685,VCT CN Kickoff 2026,2026,84,,
Astra,70,37,41.7,52.9,2685,VCT CN Kickoff 2026,2026,84,,
Waylay,66,37,39.3,56.1,2685,VCT CN Kickoff 2026,2026,84,,
Neon,64,29,38.1,45.3,2685,VCT CN Kickoff 2026,2026,84,,
Fade,60,31,35.7,51.7,2685,VCT CN Kickoff 2026,2026,84,,
Killjoy,35,17,20.8,48.6,2685,VCT CN Kickoff 2026,2026,84,,
Cypher,24,12,14.3,50.0,2685,VCT CN Kickoff 2026,2026,84,,
Tejo,22,10,13.1,45.5,2685,VCT CN Kickoff 2026,2026,84,,
Raze,22,10,13.1,45.5,2685,VCT CN Kickoff 2026,2026,84,,
Brimstone,22,11,13.1,50.0,2685,VCT CN Kickoff 2026,2026,84,,
Breach,17,7,10.1,41.2,2685,VCT CN Kickoff 2026,2026,84,,
Skye,14,8,8.3,57.1,2685,VCT CN Kickoff 2026,2026,84,,
Jett,13,6,7.7,46.2,2685,VCT CN Kickoff 2026,2026,84,,
Veto,12,5,7.1,41.7,2685,VCT CN Kickoff 2026,2026,84,,
Kayo,10,4,6.0,40.0,2685,VCT CN Kickoff 2026,2026,84,,
Chamber,8,5,4.8,62.5,2685,VCT CN Kickoff 2026,2026,84,,
Phoenix,7,5,4.2,71.4,2685,VCT CN Kickoff 2026,2026,84,,
Gekko,7,5,4.2,71.4,2685,VCT CN Kickoff 2026,2026,84,,
Reyna,4,0,2.4,0.0,2685,VCT CN Kickoff 2026,2026,84,,
Sage,3,3,1.8,100.0,2685,VCT CN Kickoff 2026,2026,84,,
Harbor,2,1,1.2,50.0,2685,VCT CN Kickoff 2026,2026,84,,
Iso,2,1,1.2,50.0,2685,VCT CN Kickoff 2026,2026,84,,
Vyse,2,1,1.2,50.0,2685,VCT CN Kickoff 2026,2026,84,,
Viper,73,36,61.9,49.3,2760,Masters Santiago 2026,2026,59,,
Yoru,73,39,61.9,53.4,2760,Masters Santiago 2026,2026,59,,
Omen,66,35,55.9,53.0,2760,Masters Santiago 2026,2026,59,,
Sova,59,28,50.0,47.5,2760,Masters Santiago 2026,2026,59,,
Neon,53,27,44.9,50.9,2760,Masters Santiago 2026,2026,59,,
Fade,45,28,38.1,62.2,2760,Masters Santiago 2026,2026,59,,
Astra,45,20,38.1,44.4,2760,Masters Santiago 2026,2026,59,,
Waylay,43,21,36.4,48.8,2760,Masters Santiago 2026,2026,59,,
Raze,16,8,13.6,50.0,2760,Masters Santiago 2026,2026,59,,
Skye,15,3,12.7,20.0,2760,Masters Santiago 2026,2026,59,,
Killjoy,15,8,12.7,53.3,2760,Masters Santiago 2026,2026,59,,
Cypher,15,9,12.7,60.0,2760,Masters Santiago 2026,2026,59,,
Vyse,13,5,11.0,38.5,2760,Masters Santiago 2026,2026,59,,
Chamber,11,6,9.3,54.5,2760,Masters Santiago 2026,2026,59,,
Phoenix,9,5,7.6,55.6,2760,Masters Santiago 2026,2026,59,,
Tejo,9,6,7.6,66.7,2760,Masters Santiago 2026,2026,59,,
Jett,9,4,7.6,44.4,2760,Masters Santiago 2026,2026,59,,
Brimstone,8,4,6.8,50.0,2760,Masters Santiago 2026,2026,59,,
Harbor,7,3,5.9,42.9,2760,Masters Santiago 2026,2026,59,,
Iso,3,0,2.5,0.0,2760,Masters Santiago 2026,2026,59,,
Gekko,1,0,0.8,0.0,2760,Masters Santiago 2026,2026,59,,
Kayo,1,0,0.8,0.0,2760,Masters Santiago 2026,2026,59,,
Veto,1,0,0.8,0.0,2760,Masters Santiago 2026,2026,59,,
Neon,64,38,80.0,59.4,2863,VCT EMEA Stage 1 2026,2026,40,,
Viper,39,21,48.8,53.8,2863,VCT EMEA Stage 1 2026,2026,40,,
Fade,38,19,47.5,50.0,2863,VCT EMEA Stage 1 2026,2026,40,,
Omen,34,16,42.5,47.1,2863,VCT EMEA Stage 1 2026,2026,40,,
Astra,31,14,38.8,45.2,2863,VCT EMEA Stage 1 2026,2026,40,,
Skye,22,13,27.5,59.1,2863,VCT EMEA Stage 1 2026,2026,40,,
Sova,19,8,23.8,42.1,2863,VCT EMEA Stage 1 2026,2026,40,,
Waylay,19,7,23.8,36.8,2863,VCT EMEA Stage 1 2026,2026,40,,
Raze,18,10,22.5,55.6,2863,VCT EMEA Stage 1 2026,2026,40,,
Cypher,18,9,22.5,50.0,2863,VCT EMEA Stage 1 2026,2026,40,,
Phoenix,16,12,20.0,75.0,2863,VCT EMEA Stage 1 2026,2026,40,,
Chamber,15,5,18.8,33.3,2863,VCT EMEA Stage 1 2026,2026,40,,
Brimstone,13,8,16.2,61.5,2863,VCT EMEA Stage 1 2026,2026,40,,
Vyse,9,3,11.2,33.3,2863,VCT EMEA Stage 1 2026,2026,40,,
Killjoy,8,6,10.0,75.0,2863,VCT EMEA Stage 1 2026,2026,40,,
Kayo,8,3,10.0,37.5,2863,VCT EMEA Stage 1 2026,2026,40,,
Jett,8,1,10.0,12.5,2863,VCT EMEA Stage 1 2026,2026,40,,
Tejo,6,0,7.5,0.0,2863,VCT EMEA Stage 1 2026,2026,40,,
Harbor,6,3,7.5,50.0,2863,VCT EMEA Stage 1 2026,2026,40,,
Veto,5,2,6.2,40.0,2863,VCT EMEA Stage 1 2026,2026,40,,
Breach,3,1,3.8,33.3,2863,VCT EMEA Stage 1 2026,2026,40,,
Iso,1,1,1.2,100.0,2863,VCT EMEA Stage 1 2026,2026,40,,
Neon,44,22,78.6,50.0,2775,VCT Pacific Stage 1 2026,2026,28,,
Omen,27,14,48.2,51.9,2775,VCT Pacific Stage 1 2026,2026,28,,
Waylay,21,7,37.5,33.3,2775,VCT Pacific Stage 1 2026,2026,28,,
Fade,19,10,33.9,52.6,2775,VCT Pacific Stage 1 2026,2026,28,,
Skye,19,11,33.9,57.9,2775,VCT Pacific Stage 1 2026,2026,28,,
Viper,19,9,33.9,47.4,2775,VCT Pacific Stage 1 2026,2026,28,,
Brimstone,17,9,30.4,52.9,2775,VCT Pacific Stage 1 2026,2026,28,,
Cypher,14,7,25.0,50.0,2775,VCT Pacific Stage 1 2026,2026,28,,
Astra,13,6,23.2,46.2,2775,VCT Pacific Stage 1 2026,2026,28,,
Killjoy,11,5,19.6,45.5,2775,VCT Pacific Stage 1 2026,2026,28,,
Raze,11,9,19.6,81.8,2775,VCT Pacific Stage 1 2026,2026,28,,
Breach,11,4,19.6,36.4,2775,VCT Pacific Stage 1 2026,2026,28,,
Chamber,9,6,16.1,66.7,2775,VCT Pacific Stage 1 2026,2026,28,,
Sova,8,2,14.3,25.0,2775,VCT Pacific Stage 1 2026,2026,28,,
Tejo,8,3,14.3,37.5,2775,VCT Pacific Stage 1 2026,2026,28,,
Phoenix,6,5,10.7,83.3,2775,VCT Pacific Stage 1 2026,2026,28,,
Vyse,5,2,8.9,40.0,2775,VCT Pacific Stage 1 2026,2026,28,,
Veto,5,3,8.9,60.0,2775,VCT Pacific Stage 1 2026,2026,28,,
Jett,4,1,7.1,25.0,2775,VCT Pacific Stage 1 2026,2026,28,,
Deadlock,4,3,7.1,75.0,2775,VCT Pacific Stage 1 2026,2026,28,,
Kayo,2,1,3.6,50.0,2775,VCT Pacific Stage 1 2026,2026,28,,
Gekko,1,1,1.8,100.0,2775,VCT Pacific Stage 1 2026,2026,28,,
Iso,1,0,1.8,0.0,2775,VCT Pacific Stage 1 2026,2026,28,,
Yoru,1,0,1.8,0.0,2775,VCT Pacific Stage 1 2026,2026,28,,
Neon,19,11,73.1,57.9,2860,VCT Americas Stage 1 2026,2026,13,,
Sova,14,7,53.8,50.0,2860,VCT Americas Stage 1 2026,2026,13,,
Viper,13,5,50.0,38.5,2860,VCT Americas Stage 1 2026,2026,13,,
Omen,12,6,46.2,50.0,2860,VCT Americas Stage 1 2026,2026,13,,
Astra,10,6,38.5,60.0,2860,VCT Americas Stage 1 2026,2026,13,,
Fade,10,6,38.5,60.0,2860,VCT Americas Stage 1 2026,2026,13,,
Harbor,7,2,26.9,28.6,2860,VCT Americas Stage 1 2026,2026,13,,
Vyse,7,4,26.9,57.1,2860,VCT Americas Stage 1 2026,2026,13,,
Chamber,5,4,19.2,80.0,2860,VCT Americas Stage 1 2026,2026,13,,
Raze,5,2,19.2,40.0,2860,VCT Americas Stage 1 2026,2026,13,,
Killjoy,4,1,15.4,25.0,2860,VCT Americas Stage 1 2026,2026,13,,
Phoenix,4,4,15.4,100.0,2860,VCT Americas Stage 1 2026,2026,13,,
Kayo,4,3,15.4,75.0,2860,VCT Americas Stage 1 2026,2026,13,,
Veto,3,1,11.5,33.3,2860,VCT Americas Stage 1 2026,2026,13,,
Tejo,3,0,11.5,0.0,2860,VCT Americas Stage 1 2026,2026,13,,
Iso,2,0,7.7,0.0,2860,VCT Americas Stage 1 2026,2026,13,,
Jett,2,2,7.7,100.0,2860,VCT Americas Stage 1 2026,2026,13,,
Skye,2,0,7.7,0.0,2860,VCT Americas Stage 1 2026,2026,13,,
Waylay,2,0,7.7,0.0,2860,VCT Americas Stage 1 2026,2026,13,,
Deadlock,1,0,3.8,0.0,2860,VCT Americas Stage 1 2026,2026,13,,
Cypher,1,1,3.8,100.0,2860,VCT Americas Stage 1 2026,2026,13,,
Neon,115,58,78.8,50.4,2864,VCT CN Stage 1 2026,2026,73,,
Waylay,94,54,64.4,57.4,2864,VCT CN Stage 1 2026,2026,73,,
Viper,82,36,56.2,43.9,2864,VCT CN Stage 1 2026,2026,73,,
Omen,77,38,52.7,49.4,2864,VCT CN Stage 1 2026,2026,73,,
Skye,61,34,41.8,55.7,2864,VCT CN Stage 1 2026,2026,73,,
Fade,42,18,28.8,42.9,2864,VCT CN Stage 1 2026,2026,73,,
Brimstone,41,21,28.1,51.2,2864,VCT CN Stage 1 2026,2026,73,,
Cypher,40,26,27.4,65.0,2864,VCT CN Stage 1 2026,2026,73,,
Sova,30,14,20.5,46.7,2864,VCT CN Stage 1 2026,2026,73,,
Astra,29,15,19.9,51.7,2864,VCT CN Stage 1 2026,2026,73,,
Killjoy,27,12,18.5,44.4,2864,VCT CN Stage 1 2026,2026,73,,
Raze,16,7,11.0,43.8,2864,VCT CN Stage 1 2026,2026,73,,
Tejo,16,8,11.0,50.0,2864,VCT CN Stage 1 2026,2026,73,,
Phoenix,15,8,10.3,53.3,2864,VCT CN Stage 1 2026,2026,73,,
Jett,10,5,6.8,50.0,2864,VCT CN Stage 1 2026,2026,73,,
Chamber,8,0,5.5,0.0,2864,VCT CN Stage 1 2026,2026,73,,
Kayo,6,4,4.1,66.7,2864,VCT CN Stage 1 2026,2026,73,,
Vyse,5,2,3.4,40.0,2864,VCT CN Stage 1 2026,2026,73,,
Breach,4,1,2.7,25.0,2864,VCT CN Stage 1 2026,2026,73,,
Veto,4,1,2.7,25.0,2864,VCT CN Stage 1 2026,2026,73,,
Sage,3,1,2.1,33.3,2864,VCT CN Stage 1 2026,2026,73,,
Harbor,2,2,1.4,100.0,2864,VCT CN Stage 1 2026,2026,73,,
Miks,2,0,1.4,0.0,2864,VCT CN Stage 1 2026,2026,73,,
Gekko,1,0,0.7,0.0,2864,VCT CN Stage 1 2026,2026,73,,
